                  epoch,         train/box_loss,         train/seg_loss,         train/cls_loss,         train/dfl_loss,   metrics/precision(B),      metrics/recall(B),       metrics/mAP50(B),    metrics/mAP50-95(B),   metrics/precision(M),      metrics/recall(M),       metrics/mAP50(M),    metrics/mAP50-95(M),           val/box_loss,           val/seg_loss,           val/cls_loss,           val/dfl_loss,                 lr/pg0,                 lr/pg1,                 lr/pg2
                      1,                 1.8434,                 2.4371,                 2.6218,                 1.5626,                0.62451,                0.37337,                0.48594,                0.14964,                0.63683,                0.34694,                0.49345,                0.17101,                  2.028,                 4.8476,                 3.9151,                 1.7617,             0.00064762,             0.00064762,             0.00064762
                      2,                 1.3511,                  1.471,                 1.6087,                 1.1602,                0.38523,                0.72109,                0.37873,                 0.1996,                 0.3897,                 0.7415,                0.39017,                0.22464,                 1.4379,                 2.0317,                 3.0194,                 1.5981,              0.0013078,              0.0013078,              0.0013078
                      3,                  1.327,                 1.2734,                 1.4249,                 1.1262,                0.70974,                 0.7619,                0.82126,                0.42409,                0.71666,                0.76871,                0.83638,                0.48253,                 1.5125,                 1.6285,                 1.9486,                 1.5182,              0.0019613,              0.0019613,              0.0019613
                      4,                 1.2815,                 1.1806,                 1.2875,                  1.136,                0.82139,                0.84469,                0.88179,                0.50337,                0.82759,                0.84903,                0.89457,                0.53147,                 1.3815,                 1.6584,                 2.9748,                 1.3141,              0.0019703,              0.0019703,              0.0019703
                      5,                  1.212,                 1.1169,                 1.0993,                 1.0742,                 0.7706,                0.91837,                0.89327,                0.46051,                0.78439,                0.93197,                0.91152,                0.59143,                 1.4092,                 1.2919,                 2.7782,                 1.2947,              0.0019703,              0.0019703,              0.0019703
                      6,                 1.2243,                 1.0907,                  1.035,                 1.0947,                0.80289,                0.88673,                0.89767,                0.47513,                0.85217,                0.94115,                0.96199,                0.60479,                 1.4998,                 1.3588,                 1.6738,                 1.2737,              0.0019604,              0.0019604,              0.0019604
                      7,                 1.2229,                 1.0708,                0.98386,                  1.084,                0.93115,                0.90476,                0.96571,                0.58869,                0.94591,                0.91837,                0.97309,                0.67524,                 1.3501,                  1.223,                 1.0422,                  1.187,              0.0019505,              0.0019505,              0.0019505
                      8,                 1.0945,                 1.0183,                0.87106,                 1.0561,                0.88746,                0.90476,                0.93525,                 0.5846,                0.89698,                0.91837,                0.96431,                0.74083,                 1.2089,                 1.2005,                 1.0289,                 1.0476,              0.0019406,              0.0019406,              0.0019406
                      9,                 1.1504,                 1.0445,                0.86798,                 1.0587,                0.89558,                0.93353,                0.95951,                0.66406,                0.90666,                0.92513,                0.96819,                0.76102,                 1.0754,                 1.1604,                0.98705,                0.98895,              0.0019307,              0.0019307,              0.0019307
                     10,                 1.1191,                 1.0677,                0.80413,                 1.0462,                0.97374,                0.96599,                0.99034,                0.68329,                0.97374,                0.96599,                0.98967,                0.70754,                 1.0767,                 1.3276,                0.73382,                0.94867,              0.0019208,              0.0019208,              0.0019208
                     11,                 1.0572,                 1.0124,                0.77627,                 1.0225,                0.96042,                0.99049,                0.98369,                0.65144,                0.96042,                0.99049,                0.98369,                0.75682,                 1.1402,                 1.0715,                0.78017,                 1.0052,              0.0019109,              0.0019109,              0.0019109
                     12,                 1.0693,                 1.0138,                0.76566,                 1.0227,                0.79653,                0.95918,                0.92778,                0.65453,                0.79653,                0.95918,                0.92866,                0.69841,                 1.0731,                 1.1499,                 0.8611,                0.95359,               0.001901,               0.001901,               0.001901
                     13,                 1.0456,                0.91296,                0.72516,                 1.0132,                0.94813,                 0.9932,                0.98575,                0.71859,                0.94633,                 0.9932,                0.98575,                0.76288,                0.99789,                 1.0328,                0.67677,                0.94663,              0.0018911,              0.0018911,              0.0018911
                     14,                 1.0513,                0.96279,                0.73855,                 1.0285,                0.97336,                 0.9932,                0.98831,                0.70706,                0.96927,                 0.9932,                0.98831,                0.75469,                 1.0401,                 1.0453,                 0.6501,                 0.9476,              0.0018812,              0.0018812,              0.0018812
                     15,                 1.0082,                  0.985,                0.70722,                 1.0183,                0.96682,                  0.991,                0.98269,                0.69598,                0.97345,                 0.9978,                0.98756,                0.76586,                 1.0737,                0.98926,                0.67914,                0.94725,              0.0018713,              0.0018713,              0.0018713
                     16,                 1.0042,                0.99719,                0.68092,                 1.0103,                0.98273,                0.98639,                0.98874,                0.70353,                0.97991,                0.98639,                 0.9888,                0.76575,                 1.0495,                 1.0005,                 0.7398,                0.91926,              0.0018614,              0.0018614,              0.0018614
                     17,                0.98309,                0.94297,                0.67115,                 1.0124,                0.96237,                0.97279,                0.98555,                0.70819,                 0.9691,                0.97959,                0.98899,                0.78202,                 1.0268,                   1.02,                0.63259,                0.89787,              0.0018515,              0.0018515,              0.0018515
                     18,                 1.0367,                0.90608,                0.69448,                 1.0091,                0.98387,                 0.9932,                0.98925,                0.73701,                0.98387,                 0.9932,                0.98925,                0.78033,                0.95349,                 0.9984,                0.58041,                0.90482,              0.0018416,              0.0018416,              0.0018416
                     19,                0.98324,                0.98657,                0.68027,                0.99884,                0.98332,                 0.9932,                 0.9886,                0.73699,                0.98332,                 0.9932,                 0.9886,                0.79494,                0.92709,                0.94841,                0.57891,                0.84934,              0.0018317,              0.0018317,              0.0018317
                     20,                0.94165,                0.82473,                0.63661,                0.99342,                0.97305,                0.98235,                0.98501,                0.71345,                0.97978,                0.98915,                0.98619,                0.78092,                0.98451,                 1.0212,                0.65209,                0.91005,              0.0018218,              0.0018218,              0.0018218
                     21,                0.92891,                0.89958,                0.62237,                0.97738,                0.99309,                0.97803,                0.98991,                0.76249,                0.99309,                0.97803,                0.98991,                0.81885,                0.89979,                0.92409,                0.56229,                0.85901,              0.0018119,              0.0018119,              0.0018119
                     22,                0.99187,                 0.9416,                0.64696,                0.99419,                0.97891,                      1,                 0.9904,                0.74882,                0.97891,                      1,                 0.9904,                 0.7776,                 0.9127,                0.98217,                0.54536,                0.86686,               0.001802,               0.001802,               0.001802
                     23,                0.92962,                0.89714,                0.61563,                0.98005,                0.97979,                0.98962,                0.98468,                0.72024,                0.97979,                0.98962,                0.98468,                0.77857,                0.89027,                0.99098,                0.55931,                0.86628,              0.0017921,              0.0017921,              0.0017921
                     24,                 0.8836,                0.87948,                0.60225,                0.96958,                0.96429,                 0.9932,                0.99106,                 0.7176,                0.96429,                 0.9932,                0.99106,                0.78546,                0.92225,                0.96775,                0.58647,                0.87464,              0.0017822,              0.0017822,              0.0017822
                     25,                0.91566,                0.93902,                0.61796,                0.97381,                0.97976,                0.98774,                0.98984,                0.71682,                0.98657,                0.99964,                 0.9899,                0.77988,                0.96395,                0.99464,                0.55739,                0.89459,              0.0017723,              0.0017723,              0.0017723
                     26,                0.92983,                0.90823,                0.61834,                0.98046,                0.96005,                0.98078,                 0.9914,                0.71735,                 0.9667,                0.98732,                0.99293,                0.78642,                0.96664,                0.95624,                0.56871,                0.88178,              0.0017624,              0.0017624,              0.0017624
                     27,                0.90112,                 0.8335,                0.59165,                0.97257,                 0.9792,                 0.9932,                0.99232,                0.77176,                 0.9792,                 0.9932,                0.99232,                0.80578,                0.87054,                 0.9413,                 0.5369,                0.83494,              0.0017525,              0.0017525,              0.0017525
                     28,                0.90791,                0.83836,                0.56966,                0.97074,                0.97998,                0.99896,                0.99418,                0.73864,                0.97998,                0.99896,                0.99418,                 0.8085,                0.96047,                0.93407,                0.55836,                0.85089,              0.0017426,              0.0017426,              0.0017426
                     29,                0.91066,                0.87758,                0.57399,                 0.9719,                  0.992,                 0.9932,                0.98881,                0.72958,                  0.992,                 0.9932,                0.98881,                0.76817,                0.94621,                 1.0076,                 0.5478,                0.83734,              0.0017327,              0.0017327,              0.0017327
                     30,                0.89321,                0.86766,                0.57319,                 0.9615,                0.98584,                 0.9932,                0.98996,                0.73369,                0.98584,                 0.9932,                0.98996,                0.79216,                0.89413,                0.93176,                0.53071,                0.82194,              0.0017228,              0.0017228,              0.0017228
                     31,                0.88997,                0.83889,                0.57338,                0.96703,                0.98356,                 0.9932,                0.99282,                0.75876,                0.98655,                0.99831,                0.99282,                0.80647,                0.89185,                0.92212,                0.51108,                0.83503,              0.0017129,              0.0017129,              0.0017129
                     32,                0.86912,                0.81157,                0.55507,                0.96525,                0.98454,                      1,                0.98867,                0.77342,                0.98454,                      1,                0.98867,                0.81451,                0.83883,                0.92467,                0.49533,                0.83598,               0.001703,               0.001703,               0.001703
                     33,                0.82122,                 0.8072,                0.52212,                0.95046,                0.99324,                 0.9988,                0.99041,                0.76885,                0.99324,                 0.9988,                0.99041,                0.80138,                0.86921,                0.91116,                0.50744,                0.82401,              0.0016931,              0.0016931,              0.0016931
                     34,                0.86833,                0.86917,                0.56145,                0.96466,                0.99324,                0.99896,                0.99331,                0.79348,                0.99324,                0.99896,                0.99331,                0.82043,                0.79002,                0.89272,                0.47161,                0.79632,              0.0016832,              0.0016832,              0.0016832
                     35,                0.83857,                0.88702,                0.54049,                0.95423,                0.98603,                      1,                0.98926,                0.78876,                0.98603,                      1,                0.98926,                0.81697,                0.81014,                0.92557,                0.48494,                0.82531,              0.0016733,              0.0016733,              0.0016733
                     36,                0.84004,                0.83792,                0.52896,                0.95649,                0.97833,                      1,                 0.9867,                0.74445,                0.97833,                      1,                 0.9867,                0.80628,                0.90263,                0.90468,                0.51114,                0.84895,              0.0016634,              0.0016634,              0.0016634
                     37,                0.85096,                0.80195,                0.55625,                0.95332,                0.98311,                      1,                0.98945,                0.78993,                0.98311,                      1,                0.98945,                0.83244,                0.80892,                0.90843,                0.51688,                0.81126,              0.0016535,              0.0016535,              0.0016535
                     38,                0.86306,                0.82193,                0.56496,                0.96909,                0.98447,                      1,                0.98972,                0.76633,                0.98447,                      1,                0.98972,                0.80132,                0.81399,                 0.8869,                0.50189,                0.79398,              0.0016436,              0.0016436,              0.0016436
                     39,                0.85789,                0.83182,                0.54105,                0.96703,                0.97795,                      1,                0.99131,                0.77637,                0.97795,                      1,                0.99131,                0.80333,                0.79452,                0.90142,                0.48578,                0.79685,              0.0016337,              0.0016337,              0.0016337
                     40,                0.81623,                0.81055,                0.52148,                0.94968,                 0.9814,                      1,                0.98786,                0.75618,                 0.9814,                      1,                0.98786,                0.79978,                0.81482,                0.93092,                0.52811,                0.81859,              0.0016238,              0.0016238,              0.0016238
                     41,                0.76365,                0.79471,                0.50162,                0.94468,                0.98475,                      1,                0.99027,                0.77757,                0.98475,                      1,                0.99027,                0.81471,                 0.8417,                0.97448,                0.50222,                0.82103,              0.0016139,              0.0016139,              0.0016139
                     42,                0.80692,                0.80875,                0.51944,                0.93894,                0.97543,                      1,                0.98462,                0.76181,                0.97543,                      1,                0.98462,                0.80982,                0.89004,                0.90445,                0.51007,                0.86309,               0.001604,               0.001604,               0.001604
                     43,                0.83763,                0.84786,                0.53121,                0.95339,                0.98483,                      1,                0.98953,                0.78306,                0.98483,                      1,                0.98953,                0.81835,                0.76594,                0.89817,                0.48751,                 0.7779,              0.0015941,              0.0015941,              0.0015941
                     44,                0.81132,                0.85274,                0.53289,                0.94809,                0.98645,                0.99082,                0.99452,                0.80194,                0.98645,                0.99082,                0.99452,                0.82849,                0.77055,                0.89281,                0.47618,                 0.7772,              0.0015842,              0.0015842,              0.0015842
                     45,                0.79116,                0.83011,                0.50874,                0.94187,                0.99319,                0.99198,                 0.9918,                0.79379,                0.99319,                0.99198,                 0.9918,                0.80393,                0.76515,                0.97838,                0.47006,                0.77211,              0.0015743,              0.0015743,              0.0015743
                     46,                0.81601,                 0.8508,                0.51659,                0.94862,                0.99324,                0.99992,                0.99014,                0.80323,                0.99324,                0.99992,                0.99014,                0.80806,                0.74346,                0.94147,                0.47169,                  0.787,              0.0015644,              0.0015644,              0.0015644
                     47,                 0.7776,                0.80225,                0.50535,                0.93491,                0.98758,                      1,                0.99041,                0.80901,                0.98758,                      1,                0.99041,                0.82519,                0.73241,                0.88292,                 0.4479,                0.77975,              0.0015545,              0.0015545,              0.0015545
                     48,                0.77364,                0.79375,                0.49294,                0.93737,                0.91464,                      1,                0.98505,                0.80082,                0.91464,                      1,                0.98505,                0.81206,                0.74087,                0.94424,                0.55376,                0.77311,              0.0015446,              0.0015446,              0.0015446
                     49,                0.78585,                0.80837,                0.49409,                0.94053,                0.98572,                      1,                0.99236,                0.78949,                0.98572,                      1,                0.99236,                0.83195,                0.75608,                0.90629,                0.51552,                 0.7779,              0.0015347,              0.0015347,              0.0015347
                     50,                0.78108,                0.76801,                0.49519,                0.93693,                0.99041,                      1,                0.99061,                 0.7717,                0.99041,                      1,                0.99061,                0.82082,                0.83828,                0.89924,                 0.5277,                0.79011,              0.0015248,              0.0015248,              0.0015248
                     51,                0.78293,                0.78369,                0.49085,                0.92969,                 0.9846,                      1,                0.98977,                0.77406,                 0.9846,                      1,                0.98977,                 0.8104,                 0.8119,                0.87848,                0.49766,                 0.7921,              0.0015149,              0.0015149,              0.0015149
                     52,                0.76923,                0.79598,                0.48977,                 0.9382,                0.98987,                      1,                0.99101,                0.79557,                0.98987,                      1,                0.99101,                0.82441,                0.73673,                0.87425,                0.42826,                0.76668,               0.001505,               0.001505,               0.001505
                     53,                  0.747,                0.75405,                0.46881,                0.92168,                0.99041,                      1,                0.99412,                0.81607,                0.99041,                      1,                0.99412,                 0.8325,                 0.7108,                0.89755,                0.43881,                0.77153,              0.0014951,              0.0014951,              0.0014951
                     54,                0.77556,                0.79356,                 0.4871,                0.93403,                0.99115,                      1,                0.99486,                0.83051,                0.99115,                      1,                0.99486,                0.83297,                0.71503,                0.90534,                0.44276,                0.75114,              0.0014852,              0.0014852,              0.0014852
                     55,                0.76072,                 0.7709,                0.48512,                 0.9312,                0.99114,                      1,                0.99372,                   0.81,                0.99114,                      1,                0.99372,                0.84642,                0.73022,                0.89438,                0.41657,                0.77924,              0.0014753,              0.0014753,              0.0014753
                     56,                0.77906,                0.76265,                0.47167,                0.92817,                0.98638,                      1,                0.99264,                0.81701,                0.98638,                      1,                0.99264,                0.83152,                0.71443,                0.90128,                0.43719,                0.76807,              0.0014654,              0.0014654,              0.0014654
                     57,                 0.7559,                0.74391,                0.47121,                0.92083,                0.98522,                      1,                0.99372,                 0.7973,                0.98522,                      1,                0.99372,                0.81425,                0.74246,                0.89187,                0.43209,                0.77227,              0.0014555,              0.0014555,              0.0014555
                     58,                0.76663,                0.78555,                0.48226,                0.93529,                0.98598,                      1,                0.99385,                0.80088,                0.98598,                      1,                0.99385,                0.83009,                0.77826,                0.87776,                0.42896,                0.77968,              0.0014456,              0.0014456,              0.0014456
                     59,                0.76333,                 0.7917,                0.47928,                0.94427,                0.98972,                      1,                0.99304,                0.81529,                0.98972,                      1,                0.99304,                0.83896,                0.74831,                0.87662,                0.42249,                0.77333,              0.0014357,              0.0014357,              0.0014357
                     60,                0.75878,                0.78784,                0.48311,                0.93525,                0.98436,                      1,                0.99214,                0.82817,                0.98436,                      1,                0.99214,                0.84166,                 0.6907,                0.87204,                0.39589,                0.75449,              0.0014258,              0.0014258,              0.0014258
                     61,                0.72469,                0.78952,                0.46967,                0.92628,                0.97817,                      1,                0.99175,                0.81764,                0.97817,                      1,                0.99175,                0.82728,                0.72919,                0.90027,                0.42294,                 0.7533,              0.0014159,              0.0014159,              0.0014159
                     62,                0.74501,                0.81754,                0.48138,                0.91854,                 0.9857,                      1,                 0.9917,                0.80296,                 0.9857,                      1,                 0.9917,                0.82245,                0.75619,                0.91675,                0.43714,                0.76692,               0.001406,               0.001406,               0.001406
                     63,                0.74998,                0.82558,                0.46848,                0.92366,                0.98598,                      1,                0.99267,                0.80692,                0.98598,                      1,                0.99267,                0.82035,                0.71924,                 0.9175,                0.41902,                0.76962,              0.0013961,              0.0013961,              0.0013961
                     64,                0.72515,                0.78781,                0.46179,                0.92541,                0.99324,                0.99953,                0.99385,                0.82392,                0.99324,                0.99953,                0.99385,                 0.8206,                0.68879,                0.92078,                0.40659,                0.76649,              0.0013862,              0.0013862,              0.0013862
                     65,                0.73296,                0.79543,                0.46202,                0.92505,                 0.9886,                      1,                0.99277,                0.81805,                 0.9886,                      1,                0.99277,                0.83068,                0.74736,                0.86731,                 0.4165,                0.75797,              0.0013763,              0.0013763,              0.0013763
                     66,                0.73465,                0.77211,                0.45474,                0.91726,                0.98576,                      1,                 0.9895,                0.79901,                0.98576,                      1,                 0.9895,                0.82941,                0.73959,                0.89203,                0.40979,                 0.7587,              0.0013664,              0.0013664,              0.0013664
                     67,                0.72844,                0.81091,                0.45188,                0.92822,                0.98357,                      1,                0.99201,                0.81725,                0.98357,                      1,                0.99201,                0.82589,                0.68689,                0.89742,                0.42145,                 0.7463,              0.0013565,              0.0013565,              0.0013565
                     68,                0.75093,                0.74118,                0.45821,                 0.9321,                0.99179,                      1,                0.99257,                0.80967,                0.99179,                      1,                0.99257,                0.81309,                 0.7046,                0.90916,                0.45312,                0.75641,              0.0013466,              0.0013466,              0.0013466
                     69,                0.73887,                0.77243,                0.46681,                0.92113,                0.98571,                      1,                0.99241,                0.81943,                0.98571,                      1,                0.99241,                0.81836,                0.67978,                0.86535,                0.41059,                0.74734,              0.0013367,              0.0013367,              0.0013367
                     70,                0.73179,                0.79081,                0.45696,                0.92006,                0.99178,                      1,                0.99115,                0.82765,                0.99178,                      1,                0.99115,                0.83189,                0.66474,                0.85513,                0.38522,                0.74988,              0.0013268,              0.0013268,              0.0013268
                     71,                0.70672,                0.75787,                 0.4414,                0.90936,                0.99146,                      1,                0.99223,                0.83816,                0.99146,                      1,                0.99223,                0.83303,                0.65261,                0.92727,                0.39032,                0.74368,              0.0013169,              0.0013169,              0.0013169
                     72,                0.74378,                0.77167,                0.46195,                0.92799,                0.99187,                      1,                0.99331,                0.81383,                0.99187,                      1,                0.99331,                0.83162,                0.67418,                0.82635,                0.40455,                0.74297,               0.001307,               0.001307,               0.001307
                     73,                0.69998,                0.75194,                0.44766,                 0.9159,                0.99234,                      1,                0.99135,                0.82894,                0.99234,                      1,                0.99135,                0.82649,                 0.6531,                0.85831,                0.40936,                0.73702,              0.0012971,              0.0012971,              0.0012971
                     74,                0.73071,                0.77198,                0.46552,                 0.9274,                0.99101,                      1,                   0.99,                0.83623,                0.99101,                      1,                   0.99,                0.83724,                0.63967,                0.87297,                0.39444,                0.73085,              0.0012872,              0.0012872,              0.0012872
                     75,                0.67849,                0.78411,                0.43731,                0.91565,                 0.9891,                      1,                0.99216,                0.82672,                 0.9891,                      1,                0.99216,                0.83052,                0.67231,                0.89871,                0.40804,                0.74499,              0.0012773,              0.0012773,              0.0012773
                     76,                 0.7112,                0.78983,                0.44743,                0.92431,                0.98618,                      1,                0.99034,                0.82622,                0.98618,                      1,                0.99034,                0.83465,                0.66354,                0.87182,                0.39139,                 0.7307,              0.0012674,              0.0012674,              0.0012674
                     77,                0.69498,                 0.7329,                0.42931,                0.91333,                0.98603,                      1,                0.98762,                0.80203,                0.98603,                      1,                0.98762,                0.82446,                0.69988,                0.87533,                0.41719,                0.75049,              0.0012575,              0.0012575,              0.0012575
                     78,                0.71582,                0.77812,                0.44295,                0.91737,                0.98612,                      1,                0.99209,                0.81913,                0.98612,                      1,                0.99209,                0.83834,                0.66103,                0.83857,                0.40053,                0.72892,              0.0012476,              0.0012476,              0.0012476
                     79,                0.70172,                 0.7509,                0.43326,                0.91685,                0.98625,                      1,                0.99284,                0.81844,                0.98625,                      1,                0.99284,                0.82824,                0.70006,                0.91638,                0.41561,                0.73742,              0.0012377,              0.0012377,              0.0012377
                     80,                0.70973,                  0.733,                0.44162,                0.92301,                0.98726,                      1,                0.99216,                0.82829,                0.98726,                      1,                0.99216,                0.83469,                0.67372,                0.88292,                0.43111,                0.74168,              0.0012278,              0.0012278,              0.0012278
                     81,                 0.6929,                0.75671,                0.44122,                0.91792,                  0.991,                      1,                0.99331,                 0.8265,                  0.991,                      1,                0.99331,                 0.8433,                0.66738,                0.85024,                0.39514,                0.73272,              0.0012179,              0.0012179,              0.0012179
                     82,                0.72146,                0.76809,                0.44945,                0.91954,                0.98879,                      1,                0.99088,                0.82216,                0.98879,                      1,                0.99088,                0.81149,                0.69232,                0.89942,                0.42382,                0.73188,               0.001208,               0.001208,               0.001208
                     83,                0.70865,                0.75358,                0.44023,                 0.9135,                0.98529,                      1,                 0.9908,                0.83047,                0.98529,                      1,                 0.9908,                0.83871,                0.66013,                0.85647,                0.39379,                0.73075,              0.0011981,              0.0011981,              0.0011981
                     84,                0.71485,                0.76975,                0.43201,                0.92092,                0.98543,                      1,                0.99128,                0.81914,                0.98543,                      1,                0.99128,                0.82935,                 0.6976,                0.92035,                0.42517,                0.75703,              0.0011882,              0.0011882,              0.0011882
                     85,                0.70089,                0.75356,                0.43234,                 0.9136,                0.99035,                      1,                0.99108,                0.84221,                0.99035,                      1,                0.99108,                0.83921,                0.66006,                0.85844,                0.40229,                0.74897,              0.0011783,              0.0011783,              0.0011783
                     86,                  0.711,                0.76607,                0.43923,                0.91348,                0.98799,                      1,                0.99135,                0.83353,                0.98799,                      1,                0.99135,                0.83952,                0.67228,                0.84994,                0.39804,                0.73555,              0.0011684,              0.0011684,              0.0011684
                     87,                0.69248,                0.75349,                0.42891,                0.91232,                0.98583,                      1,                0.98996,                0.82671,                0.98583,                      1,                0.98996,                0.81241,                0.66024,                0.92186,                0.42378,                0.72939,              0.0011585,              0.0011585,              0.0011585
                     88,                0.72212,                0.74415,                0.44098,                0.93128,                 0.9863,                      1,                 0.9925,                0.83976,                 0.9863,                      1,                 0.9925,                0.83817,                 0.6213,                 0.8562,                0.40834,                0.71938,              0.0011486,              0.0011486,              0.0011486
                     89,                0.68999,                0.74612,                0.44054,                0.90847,                0.98642,                      1,                0.99446,                0.84868,                0.98642,                      1,                0.99446,                0.82598,                0.62572,                0.91099,                0.39908,                0.72254,              0.0011387,              0.0011387,              0.0011387
                     90,                0.69249,                0.76737,                0.42928,                0.91249,                0.98635,                      1,                0.99014,                0.81749,                0.98635,                      1,                0.99014,                0.83055,                0.70565,                0.87141,                 0.4039,                0.73631,              0.0011288,              0.0011288,              0.0011288
                     91,                0.68322,                0.75563,                0.42792,                0.91127,                0.98578,                      1,                0.99022,                 0.8207,                0.98578,                      1,                0.99022,                0.82495,                 0.6617,                0.89087,                0.38274,                0.72517,              0.0011189,              0.0011189,              0.0011189
                     92,                0.67338,                0.74659,                0.42514,                0.90906,                0.98561,                      1,                0.99209,                0.83725,                0.98561,                      1,                0.99209,                0.82392,                0.62597,                0.93606,                0.39652,                0.72191,               0.001109,               0.001109,               0.001109
                     93,                0.66079,                0.75067,                0.41204,                0.91194,                0.99048,                      1,                 0.9923,                0.85422,                0.99048,                      1,                 0.9923,                0.84208,                0.64963,                0.92552,                0.36439,                0.74044,              0.0010991,              0.0010991,              0.0010991
                     94,                0.65534,                0.71305,                0.40009,                0.90097,                 0.9893,                      1,                0.99149,                0.82878,                 0.9893,                      1,                0.99149,                 0.8274,                0.63276,                0.88993,                0.38765,                0.73329,              0.0010892,              0.0010892,              0.0010892
                     95,                0.67993,                0.73503,                0.41731,                 0.9117,                0.98603,                      1,                0.99281,                0.83692,                0.98603,                      1,                0.99281,                0.83239,                 0.6082,                0.87075,                0.38487,                 0.7141,              0.0010793,              0.0010793,              0.0010793
                     96,                0.65335,                0.73379,                0.41212,                0.90784,                0.98602,                      1,                0.99153,                0.84266,                0.98602,                      1,                0.99153,                0.84221,                0.65138,                0.89762,                 0.3764,                0.72761,              0.0010694,              0.0010694,              0.0010694
                     97,                0.66388,                0.73045,                 0.4052,                0.90993,                0.98574,                      1,                0.99228,                0.85959,                0.98574,                      1,                0.99228,                0.85451,                0.60754,                 0.8699,                0.36787,                0.71492,              0.0010595,              0.0010595,              0.0010595
                     98,                0.66547,                0.76368,                0.40404,                0.89908,                0.99079,                      1,                0.99365,                0.86031,                0.99079,                      1,                0.99365,                0.85731,                0.62868,                0.89091,                0.37263,                0.72161,              0.0010496,              0.0010496,              0.0010496
                     99,                0.65527,                0.74353,                0.40401,                 0.9022,                0.99195,                      1,                0.99412,                0.86489,                0.99195,                      1,                0.99412,                0.85285,                0.60227,                0.85647,                0.36044,                 0.7153,              0.0010397,              0.0010397,              0.0010397
                    100,                0.65678,                0.76107,                0.40628,                0.90729,                0.98606,                      1,                0.99295,                0.84829,                0.98606,                      1,                0.99295,                0.83482,                0.61231,                0.88085,                0.37079,                0.71986,              0.0010298,              0.0010298,              0.0010298
                    101,                0.64331,                0.73537,                0.39854,                  0.896,                0.98607,                      1,                0.99066,                0.84311,                0.98607,                      1,                0.99066,                0.84283,                0.62639,                0.83191,                 0.3649,                0.71559,              0.0010199,              0.0010199,              0.0010199
                    102,                0.67288,                0.75738,                0.41901,                0.91352,                0.98915,                      1,                0.99122,                0.85445,                0.98915,                      1,                0.99122,                0.84193,                0.60213,                0.82663,                0.35678,                0.71765,                0.00101,                0.00101,                0.00101
                    103,                 0.6674,                0.73626,                0.40668,                0.90917,                0.98942,                      1,                0.99351,                0.82547,                0.98942,                      1,                0.99351,                0.83688,                0.65511,                 0.8543,                0.36953,                0.72488,              0.0010001,              0.0010001,              0.0010001
                    104,                0.66609,                0.75791,                0.39989,                 0.9126,                0.98755,                      1,                0.99351,                0.84416,                0.98755,                      1,                0.99351,                0.84257,                 0.6212,                0.83271,                0.37118,                 0.7198,              0.0009902,              0.0009902,              0.0009902
                    105,                0.65361,                0.75661,                0.40111,                0.90873,                0.99107,                      1,                0.99297,                0.85495,                0.99107,                      1,                0.99297,                0.83996,                0.62116,                0.86175,                 0.3547,                0.72045,              0.0009803,              0.0009803,              0.0009803
                    106,                0.64794,                0.70184,                0.38876,                0.89879,                0.99134,                      1,                0.99101,                0.86422,                0.99134,                      1,                0.99101,                0.84193,                0.59869,                 0.8585,                0.37354,                0.72546,              0.0009704,              0.0009704,              0.0009704
                    107,                0.65833,                0.72478,                0.40648,                0.90179,                0.98608,                      1,                 0.9913,                0.85268,                0.98608,                      1,                 0.9913,                 0.8381,                0.60657,                0.88024,                0.36607,                0.71521,              0.0009605,              0.0009605,              0.0009605
                    108,                0.65552,                0.74408,                0.40418,                0.91197,                0.99163,                      1,                0.99243,                0.85291,                0.99163,                      1,                0.99243,                0.84667,                0.61052,                0.86244,                0.36208,                0.71944,              0.0009506,              0.0009506,              0.0009506
                    109,                0.63728,                0.72165,                0.38592,                0.90815,                0.99115,                      1,                0.99101,                0.85231,                0.99115,                      1,                0.99101,                0.84046,                0.59901,                0.88232,                0.36253,                0.71048,              0.0009407,              0.0009407,              0.0009407
                    110,                0.64942,                0.71559,                0.39588,                0.89052,                0.98633,                      1,                0.99189,                0.86013,                0.98633,                      1,                0.99189,                0.83931,                0.58266,                0.87728,                0.33963,                0.71099,              0.0009308,              0.0009308,              0.0009308
                    111,                0.67396,                0.76299,                0.40607,                0.90474,                0.98691,                      1,                0.99257,                0.84603,                0.98691,                      1,                0.99257,                0.84815,                0.62168,                0.84094,                0.36721,                0.72577,              0.0009209,              0.0009209,              0.0009209
                    112,                0.65067,                0.74884,                 0.4009,                0.90842,                0.98736,                      1,                0.99196,                 0.8577,                0.98736,                      1,                0.99196,                0.84637,                0.61662,                0.83406,                 0.3473,                0.71889,               0.000911,               0.000911,               0.000911
                    113,                0.61944,                0.71977,                0.38022,                0.89434,                 0.9858,                      1,                0.99247,                0.84704,                 0.9858,                      1,                0.99247,                0.84073,                0.62138,                0.87457,                0.37692,                 0.7261,              0.0009011,              0.0009011,              0.0009011
                    114,                 0.6434,                0.70283,                0.39463,                 0.9051,                0.98598,                      1,                0.99276,                0.84426,                0.98598,                      1,                0.99276,                0.83414,                0.62694,                 0.9035,                0.38059,                0.71659,              0.0008912,              0.0008912,              0.0008912
                    115,                0.65894,                 0.7517,                0.39413,                0.91231,                0.98576,                      1,                0.99138,                 0.8455,                0.98576,                      1,                0.99138,                0.83716,                  0.598,                0.87589,                 0.3797,                0.70961,              0.0008813,              0.0008813,              0.0008813
                    116,                0.63973,                0.69233,                0.38387,                0.90109,                0.98592,                      1,                0.99053,                0.85877,                0.98592,                      1,                0.99053,                0.83387,                0.59074,                0.89076,                0.36395,                0.71166,              0.0008714,              0.0008714,              0.0008714
                    117,                0.63406,                 0.6956,                0.38543,                0.89983,                0.98609,                      1,                0.99313,                0.83477,                0.98609,                      1,                0.99313,                0.83857,                0.68578,                0.90194,                0.36601,                0.73081,              0.0008615,              0.0008615,              0.0008615
                    118,                0.64283,                0.72303,                0.38454,                0.90541,                0.98614,                      1,                0.99344,                0.85416,                0.98614,                      1,                0.99344,                0.83056,                0.62294,                0.89954,                0.35788,                0.72526,              0.0008516,              0.0008516,              0.0008516
                    119,                0.64938,                0.72094,                0.39354,                0.89841,                0.98606,                      1,                0.99397,                0.84527,                0.98606,                      1,                0.99397,                0.83884,                0.62013,                0.86821,                0.35495,                0.73073,              0.0008417,              0.0008417,              0.0008417
                    120,                0.65861,                  0.728,                0.38983,                0.90479,                0.98615,                      1,                 0.9937,                0.83857,                0.98615,                      1,                 0.9937,                0.81673,                0.62681,                0.90572,                0.35363,                0.71658,              0.0008318,              0.0008318,              0.0008318
                    121,                0.64967,                0.75797,                0.40216,                0.90752,                0.98579,                      1,                0.99358,                0.85234,                0.98579,                      1,                0.99358,                 0.8432,                0.60095,                0.87265,                 0.3642,                0.71892,              0.0008219,              0.0008219,              0.0008219
                    122,                0.62915,                0.71137,                0.38588,                0.90181,                0.98599,                      1,                0.99172,                0.84571,                0.98599,                      1,                0.99172,                0.84625,                0.61404,                0.89533,                0.36219,                0.71509,               0.000812,               0.000812,               0.000812
                    123,                0.63607,                0.70509,                0.38699,                0.91118,                0.98614,                      1,                0.99356,                0.85858,                0.98614,                      1,                0.99356,                0.84531,                0.57294,                0.89412,                0.33587,                0.70694,              0.0008021,              0.0008021,              0.0008021
                    124,                0.64397,                  0.724,                 0.3918,                0.89914,                0.99191,                      1,                0.99419,                0.85806,                0.99191,                      1,                0.99419,                0.83787,                0.60851,                0.91347,                0.35607,                0.70871,              0.0007922,              0.0007922,              0.0007922
                    125,                0.60581,                0.67378,                0.37177,                0.90194,                0.98644,                      1,                0.99473,                0.88051,                0.98644,                      1,                0.99473,                0.84445,                 0.5794,                0.90018,                0.34324,                0.70999,              0.0007823,              0.0007823,              0.0007823
                    126,                0.63766,                0.69517,                0.38746,                 0.8993,                0.98637,                      1,                0.99459,                0.87132,                0.98637,                      1,                0.99459,                 0.8576,                0.58913,                 0.8866,                0.34153,                0.70527,              0.0007724,              0.0007724,              0.0007724
                    127,                0.62745,                0.70395,                 0.3782,                0.89567,                0.98749,                      1,                 0.9927,                0.85941,                0.98749,                      1,                 0.9927,                0.84408,                0.58963,                0.89958,                0.34317,                0.70628,              0.0007625,              0.0007625,              0.0007625
                    128,                0.61561,                0.73669,                0.36924,                0.89914,                0.98609,                      1,                0.99108,                0.84447,                0.98609,                      1,                0.99108,                0.83401,                0.61532,                0.86995,                0.37021,                0.71769,              0.0007526,              0.0007526,              0.0007526
                    129,                0.61888,                0.73161,                0.37574,                0.89679,                0.98606,                      1,                0.99089,                0.84218,                0.98606,                      1,                0.99089,                0.82841,                0.61657,                0.89764,                 0.3558,                0.70901,              0.0007427,              0.0007427,              0.0007427
                    130,                0.63455,                0.70195,                0.37474,                0.89937,                0.98857,                      1,                 0.9923,                0.85858,                0.98857,                      1,                 0.9923,                0.83974,                0.58439,                0.90755,                0.33745,                0.70839,              0.0007328,              0.0007328,              0.0007328
                    131,                0.63032,                0.71451,                0.38132,                0.90785,                0.98708,                      1,                 0.9923,                0.84772,                0.98708,                      1,                 0.9923,                0.83706,                0.59832,                0.89653,                 0.3434,                0.71038,              0.0007229,              0.0007229,              0.0007229
                    132,                0.62722,                0.71571,                0.37955,                0.90138,                0.98606,                      1,                 0.9908,                0.85017,                0.98606,                      1,                 0.9908,                0.83881,                0.60653,                0.88436,                0.36241,                0.70771,               0.000713,               0.000713,               0.000713
                    133,                0.61997,                0.68767,                0.37279,                0.89759,                0.98613,                      1,                0.99177,                  0.865,                0.98613,                      1,                0.99177,                0.85155,                  0.585,                 0.8483,                0.34261,                0.70086,              0.0007031,              0.0007031,              0.0007031
                    134,                0.61797,                0.67721,                0.36683,                0.89782,                 0.9862,                      1,                0.99358,                0.85561,                 0.9862,                      1,                0.99358,                0.83969,                0.61405,                0.89755,                0.35685,                0.71104,              0.0006932,              0.0006932,              0.0006932
                    135,                0.61516,                0.73171,                0.38105,                0.90911,                0.98614,                      1,                0.99219,                0.86324,                0.98614,                      1,                0.99219,                0.84315,                0.55282,                0.89148,                 0.3286,                0.69642,              0.0006833,              0.0006833,              0.0006833
                    136,                 0.5878,                0.69647,                0.36078,                0.89121,                 0.9861,                      1,                0.99212,                0.85645,                 0.9861,                      1,                0.99212,                0.83711,                0.59774,                0.87155,                0.33288,                0.71327,              0.0006734,              0.0006734,              0.0006734
                    137,                0.61325,                0.70773,                0.36548,                0.89624,                0.98616,                      1,                0.99121,                0.86692,                0.98616,                      1,                0.99121,                0.84264,                0.55919,                0.87343,                0.33305,                0.70272,              0.0006635,              0.0006635,              0.0006635
                    138,                 0.5974,                  0.698,                0.36271,                0.89428,                0.98616,                      1,                0.99177,                0.85389,                0.98616,                      1,                0.99177,                0.84124,                0.58829,                0.86811,                0.35148,                0.70552,              0.0006536,              0.0006536,              0.0006536
                    139,                0.60393,                 0.6788,                 0.3699,                 0.8949,                0.98793,                      1,                0.99216,                0.85691,                0.98793,                      1,                0.99216,                0.83974,                0.57026,                0.87048,                0.34351,                0.69586,              0.0006437,              0.0006437,              0.0006437
                    140,                0.60623,                0.72615,                0.37382,                0.90087,                0.98619,                      1,                 0.9927,                0.87416,                0.98619,                      1,                 0.9927,                0.84557,                0.57323,                0.87696,                0.34291,                0.70916,              0.0006338,              0.0006338,              0.0006338
                    141,                0.60403,                 0.7435,                0.37117,                0.89845,                 0.9861,                      1,                0.99289,                0.86235,                 0.9861,                      1,                0.99289,                0.84627,                0.59774,                0.86994,                0.34553,                0.70885,              0.0006239,              0.0006239,              0.0006239
                    142,                 0.6175,                0.70571,                0.36543,                0.90014,                0.98606,                      1,                0.99214,                0.85184,                0.98606,                      1,                0.99214,                 0.8421,                0.62614,                0.88106,                0.34975,                0.70717,               0.000614,               0.000614,               0.000614
                    143,                0.59023,                 0.6839,                0.36696,                0.89584,                0.98743,                      1,                0.99216,                0.86088,                0.98743,                      1,                0.99216,                0.83926,                 0.5702,                0.89208,                0.33827,                0.70582,              0.0006041,              0.0006041,              0.0006041
                    144,                0.60639,                0.69522,                0.35558,                0.89631,                0.98616,                      1,                0.99201,                0.86513,                0.98616,                      1,                0.99201,                0.84298,                0.57299,                0.90016,                0.33638,                0.70312,              0.0005942,              0.0005942,              0.0005942
                    145,                0.59425,                0.66203,                0.34878,                0.89564,                0.98618,                      1,                0.99228,                0.85955,                0.98618,                      1,                0.99228,                0.84074,                0.58882,                0.88523,                0.34432,                0.70618,              0.0005843,              0.0005843,              0.0005843
                    146,                0.58692,                0.67882,                0.35036,                0.88445,                0.99324,                0.99943,                0.99446,                0.87675,                0.99324,                0.99943,                0.99446,                0.84853,                0.57722,                 0.9057,                0.32955,                0.70115,              0.0005744,              0.0005744,              0.0005744
                    147,                0.59327,                0.67757,                0.35293,                0.89247,                0.98618,                      1,                0.99405,                0.87774,                0.98618,                      1,                0.99405,                0.85451,                0.57367,                 0.8986,                0.33197,                0.70386,              0.0005645,              0.0005645,              0.0005645
                    148,                0.57153,                0.66078,                0.34901,                0.88697,                0.98616,                      1,                0.99124,                0.86721,                0.98616,                      1,                0.99124,                0.84463,                0.56094,                0.85622,                0.32326,                0.69583,              0.0005546,              0.0005546,              0.0005546
                    149,                 0.6045,                0.68384,                0.36703,                0.90715,                0.98579,                      1,                0.99192,                 0.8556,                0.98579,                      1,                0.99192,                  0.847,                0.59295,                0.87234,                0.33058,                0.70402,              0.0005447,              0.0005447,              0.0005447
                    150,                0.57601,                0.66996,                0.35747,                0.89148,                0.98604,                      1,                0.99296,                0.85893,                0.98604,                      1,                0.99296,                0.83692,                0.56134,                0.91107,                0.31208,                0.70125,              0.0005348,              0.0005348,              0.0005348
                    151,                0.58356,                0.70079,                0.34803,                0.89525,                0.98636,                      1,                0.99365,                0.85937,                0.98636,                      1,                0.99365,                0.83979,                0.56555,                0.93112,                0.32283,                0.70195,              0.0005249,              0.0005249,              0.0005249
                    152,                0.58737,                0.67475,                0.34961,                0.89162,                0.98692,                      1,                0.99419,                0.86562,                0.98692,                      1,                0.99419,                0.85019,                0.58087,                 0.9007,                0.32893,                0.70464,               0.000515,               0.000515,               0.000515
                    153,                0.58478,                  0.682,                0.35327,                0.89188,                0.98979,                      1,                0.99209,                0.86233,                0.98979,                      1,                0.99209,                0.84404,                 0.5778,                0.91254,                0.32172,                0.70188,              0.0005051,              0.0005051,              0.0005051
                    154,                0.59183,                0.69884,                0.34953,                0.89274,                0.98977,                      1,                0.99385,                0.86127,                0.98977,                      1,                0.99385,                0.84394,                0.57846,                0.87746,                0.33186,                0.69645,              0.0004952,              0.0004952,              0.0004952
                    155,                0.57639,                 0.6765,                0.34812,                0.88645,                0.98777,                      1,                0.99446,                0.87046,                0.98777,                      1,                0.99446,                0.84661,                0.56694,                0.85826,                0.33046,                0.69274,              0.0004853,              0.0004853,              0.0004853
                    156,                0.59149,                0.70548,                0.35518,                0.89253,                0.98658,                      1,                0.99412,                0.86561,                0.98658,                      1,                0.99412,                0.84217,                0.56739,                0.87921,                 0.3292,                0.69778,              0.0004754,              0.0004754,              0.0004754
                    157,                 0.5809,                0.67241,                0.34847,                0.89206,                 0.9895,                      1,                0.99426,                0.86307,                 0.9895,                      1,                0.99426,                0.84582,                0.55858,                0.86961,                0.32596,                0.69733,              0.0004655,              0.0004655,              0.0004655
                    158,                0.57549,                0.66875,                0.34457,                0.89904,                0.98803,                      1,                0.99432,                0.86948,                0.98803,                      1,                0.99432,                0.84954,                0.56646,                0.89281,                0.31783,                0.69556,              0.0004556,              0.0004556,              0.0004556
                    159,                0.57615,                0.65434,                0.34557,                0.89467,                0.98489,                      1,                0.99453,                0.86543,                0.98489,                      1,                0.99453,                0.85066,                0.55039,                0.87298,                0.32026,                0.69167,              0.0004457,              0.0004457,              0.0004457
                    160,                0.57945,                0.66816,                0.35209,                0.89994,                 0.9844,                      1,                0.99351,                0.87127,                 0.9844,                      1,                0.99351,                0.85389,                0.55427,                0.87932,                0.32231,                0.68392,              0.0004358,              0.0004358,              0.0004358
                    161,                0.59497,                0.70307,                0.35393,                0.90048,                0.98618,                      1,                 0.9927,                0.87059,                0.98618,                      1,                 0.9927,                0.84467,                0.56793,                0.91474,                 0.3205,                0.69324,              0.0004259,              0.0004259,              0.0004259
                    162,                0.57632,                0.68685,                 0.3407,                0.89116,                0.98613,                      1,                 0.9933,                 0.8797,                0.98613,                      1,                 0.9933,                0.85569,                0.54751,                 0.8696,                0.31089,                0.68437,               0.000416,               0.000416,               0.000416
                    163,                0.56521,                0.66716,                 0.3318,                0.88518,                0.98628,                      1,                0.99372,                0.87133,                0.98628,                      1,                0.99372,                0.86068,                 0.5675,                0.85758,                0.31569,                0.68901,              0.0004061,              0.0004061,              0.0004061
                    164,                0.58261,                0.69655,                0.34113,                0.89157,                0.98628,                      1,                0.99392,                0.87518,                0.98628,                      1,                0.99392,                0.84884,                0.55598,                0.85218,                0.30951,                0.68914,              0.0003962,              0.0003962,              0.0003962
                    165,                0.55549,                0.65374,                0.32825,                0.88333,                0.98971,                      1,                0.99405,                0.87552,                0.98971,                      1,                0.99405,                0.85694,                0.55045,                0.90914,                0.30491,                 0.6896,              0.0003863,              0.0003863,              0.0003863
                    166,                 0.5646,                0.68585,                0.34294,                0.89214,                0.98931,                      1,                0.99459,                0.88037,                0.98931,                      1,                0.99459,                0.85701,                 0.5408,                0.86454,                0.31609,                0.68692,              0.0003764,              0.0003764,              0.0003764
                    167,                0.55731,                0.67711,                0.33504,                0.88465,                0.98646,                      1,                0.99419,                0.87164,                0.98646,                      1,                0.99419,                0.84977,                0.55504,                0.90831,                0.32594,                0.69536,              0.0003665,              0.0003665,              0.0003665
                    168,                0.55847,                0.66938,                0.32444,                0.88524,                0.98643,                      1,                0.99419,                0.87148,                0.98643,                      1,                0.99419,                0.85455,                0.56201,                0.86114,                0.31783,                0.68927,              0.0003566,              0.0003566,              0.0003566
                    169,                 0.5518,                0.65157,                 0.3338,                0.88246,                0.98636,                      1,                0.99446,                 0.8733,                0.98636,                      1,                0.99446,                0.84671,                0.55479,                0.87121,                0.31379,                0.68926,              0.0003467,              0.0003467,              0.0003467
                    170,                0.55869,                0.67112,                0.33898,                0.89131,                0.98643,                      1,                  0.995,                0.87173,                0.98643,                      1,                  0.995,                0.84714,                0.53977,                0.89402,                0.31773,                0.68622,              0.0003368,              0.0003368,              0.0003368
                    171,                0.54956,                0.70267,                0.33635,                0.88908,                0.98634,                      1,                 0.9948,                0.86357,                0.98634,                      1,                 0.9948,                0.85227,                0.55218,                 0.8919,                0.32301,                0.68831,              0.0003269,              0.0003269,              0.0003269
                    172,                0.54422,                0.65983,                0.33738,                0.89092,                0.98612,                      1,                0.99466,                0.86639,                0.98612,                      1,                0.99466,                0.84986,                0.53869,                0.88785,                0.31577,                0.68384,               0.000317,               0.000317,               0.000317
                    173,                0.56873,                0.67805,                0.33384,                0.88272,                0.98615,                      1,                0.99452,                0.86873,                0.98615,                      1,                0.99452,                0.85083,                0.55301,                0.89808,                0.31667,                0.68822,              0.0003071,              0.0003071,              0.0003071
                    174,                0.57346,                0.66648,                0.33472,                0.88391,                0.98621,                      1,                 0.9948,                0.86991,                0.98621,                      1,                 0.9948,                0.85241,                0.55406,                0.87853,                0.30935,                0.68745,              0.0002972,              0.0002972,              0.0002972
                    175,                  0.535,                0.63932,                0.32631,                0.88558,                0.98651,                      1,                  0.995,                0.87369,                0.98651,                      1,                  0.995,                0.85914,                0.54157,                0.89066,                0.31066,                0.69311,              0.0002873,              0.0002873,              0.0002873
                    176,                 0.5428,                0.64266,                0.32396,                0.88244,                0.98789,                      1,                0.99473,                0.87996,                0.98789,                      1,                0.99473,                0.85184,                0.53311,                0.92404,                0.31013,                0.69308,              0.0002774,              0.0002774,              0.0002774
                    177,                0.54415,                0.64257,                 0.3224,                0.88942,                0.98657,                      1,                0.99446,                0.88146,                0.98657,                      1,                0.99446,                0.85392,                0.53847,                0.89699,                0.31508,                 0.6921,              0.0002675,              0.0002675,              0.0002675
                    178,                0.55473,                0.67659,                0.32626,                0.88732,                0.98642,                      1,                0.99419,                0.87444,                0.98642,                      1,                0.99419,                 0.8465,                0.54068,                0.92207,                0.30661,                0.69036,              0.0002576,              0.0002576,              0.0002576
                    179,                0.54312,                0.65054,                0.32306,                0.88532,                0.98644,                      1,                0.99405,                0.87804,                0.98644,                      1,                0.99405,                0.85435,                0.52897,                0.88936,                0.30556,                0.68651,              0.0002477,              0.0002477,              0.0002477
                    180,                0.56421,                0.65944,                0.33408,                0.89078,                0.98744,                      1,                0.99473,                 0.8703,                0.98744,                      1,                0.99473,                0.85164,                0.56718,                0.92804,                0.31759,                0.69342,              0.0002378,              0.0002378,              0.0002378
                    181,                0.52898,                0.65004,                0.32759,                0.87863,                0.98784,                      1,                0.99459,                0.88191,                0.98784,                      1,                0.99459,                0.85866,                 0.5302,                0.88279,                0.30938,                0.68575,              0.0002279,              0.0002279,              0.0002279
                    182,                0.52541,                0.63078,                0.31776,                0.87797,                 0.9892,                      1,                0.99453,                0.87958,                 0.9892,                      1,                0.99453,                0.84815,                0.53706,                0.90474,                0.31333,                0.68792,               0.000218,               0.000218,               0.000218
                    183,                0.52604,                0.62978,                0.31829,                0.88336,                 0.9892,                      1,                0.99432,                0.87511,                 0.9892,                      1,                0.99432,                0.84621,                0.52333,                 0.9246,                0.31223,                 0.6814,              0.0002081,              0.0002081,              0.0002081
                    184,                0.53514,                0.63442,                0.31571,                0.88042,                0.98829,                      1,                0.99419,                 0.8793,                0.98829,                      1,                0.99419,                0.84926,                0.53404,                0.92211,                0.31816,                0.68355,              0.0001982,              0.0001982,              0.0001982
                    185,                0.53208,                0.62739,                 0.3181,                0.88545,                0.98746,                      1,                0.99426,                0.88207,                0.98746,                      1,                0.99426,                0.85293,                0.52969,                0.88129,                0.31453,                0.68007,              0.0001883,              0.0001883,              0.0001883
                    186,                0.52965,                0.64786,                 0.3147,                0.88547,                0.98935,                      1,                0.99439,                0.88196,                0.98935,                      1,                0.99439,                0.85375,                0.53689,                0.90905,                0.31391,                0.68047,              0.0001784,              0.0001784,              0.0001784
                    187,                0.53519,                 0.6346,                0.31797,                0.88213,                0.98978,                      1,                0.99419,                0.86711,                0.98978,                      1,                0.99419,                0.84477,                0.54474,                0.90995,                0.30641,                0.67981,              0.0001685,              0.0001685,              0.0001685
                    188,                0.53222,                0.63854,                0.31071,                0.88364,                0.98995,                      1,                0.99385,                0.87241,                0.98995,                      1,                0.99385,                0.84386,                0.54863,                0.90137,                0.30681,                0.67998,              0.0001586,              0.0001586,              0.0001586
                    189,                0.53707,                0.62913,                0.31416,                 0.8753,                0.99028,                      1,                0.99432,                0.87542,                0.99028,                      1,                0.99432,                0.84917,                0.53737,                0.89504,                 0.3108,                0.67914,              0.0001487,              0.0001487,              0.0001487
                    190,                 0.5394,                0.63067,                0.31971,                0.87758,                0.98986,                      1,                0.99459,                0.88019,                0.98986,                      1,                0.99459,                0.85245,                0.53279,                0.89904,                0.31264,                0.67764,              0.0001388,              0.0001388,              0.0001388
                    191,                0.51375,                0.65456,                 0.3503,                0.84402,                0.98595,                      1,                 0.9937,                0.87909,                0.98595,                      1,                 0.9937,                0.85317,                0.52016,                0.88438,                0.31748,                0.67421,              0.0001289,              0.0001289,              0.0001289
                    192,                0.49563,                0.64148,                 0.3244,                0.84747,                0.98958,                      1,                0.99466,                0.87594,                0.98958,                      1,                0.99466,                0.85443,                0.53391,                 0.8901,                0.30671,                0.68093,               0.000119,               0.000119,               0.000119
                    193,                0.50305,                0.64687,                0.32497,                0.86567,                 0.9907,                      1,                0.99426,                0.87194,                 0.9907,                      1,                0.99426,                0.84925,                0.52897,                0.89928,                0.30729,                0.68044,              0.0001091,              0.0001091,              0.0001091
                    194,                0.49625,                0.63049,                0.32236,                0.83695,                0.99103,                      1,                0.99459,                0.87735,                0.99103,                      1,                0.99459,                0.84769,                0.52529,                0.90863,                0.30825,                0.68007,               9.92e-05,               9.92e-05,               9.92e-05
                    195,                0.45706,                0.60599,                0.29645,                0.83473,                0.99014,                      1,                0.99486,                0.88232,                0.99014,                      1,                0.99486,                0.85924,                0.51855,                 0.8928,                0.30268,                0.67955,               8.93e-05,               8.93e-05,               8.93e-05
                    196,                0.47595,                0.62374,                0.30642,                0.83694,                0.99056,                      1,                  0.995,                 0.8836,                0.99056,                      1,                  0.995,                0.86518,                 0.5232,                0.90362,                0.30594,                0.67733,               7.94e-05,               7.94e-05,               7.94e-05
                    197,                 0.4752,                0.60617,                0.30345,                 0.8381,                0.99114,                      1,                  0.995,                0.88585,                0.99114,                      1,                  0.995,                0.86369,                 0.5294,                0.90909,                0.30348,                0.68197,               6.95e-05,               6.95e-05,               6.95e-05
                    198,                0.50114,                 0.6537,                0.30633,                0.83742,                0.99121,                      1,                  0.995,                 0.8817,                0.99121,                      1,                  0.995,                0.86337,                0.53376,                0.90221,                 0.3052,                0.68194,               5.96e-05,               5.96e-05,               5.96e-05
                    199,                0.47234,                0.60395,                0.29847,                0.83956,                0.99101,                      1,                  0.995,                0.88682,                0.99101,                      1,                  0.995,                0.86434,                0.52449,                0.89306,                0.29512,                0.67975,               4.97e-05,               4.97e-05,               4.97e-05
                    200,                0.48904,                0.60371,                0.30545,                0.85691,                0.99074,                      1,                  0.995,                 0.8929,                0.99074,                      1,                  0.995,                0.86203,                0.52096,                0.89159,                 0.2975,                0.67963,               3.98e-05,               3.98e-05,               3.98e-05
