                  epoch,         train/box_loss,         train/cls_loss,         train/dfl_loss,   metrics/precision(B),      metrics/recall(B),       metrics/mAP50(B),    metrics/mAP50-95(B),           val/box_loss,           val/cls_loss,           val/dfl_loss,                 lr/pg0,                 lr/pg1,                 lr/pg2
                      1,                 1.2212,                 2.2445,                 1.0197,                0.60591,                0.58663,                0.55646,                0.39442,                0.96169,                 1.2392,                0.97589,             0.00030076,             0.00030076,             0.00030076
                      2,                 1.0447,                0.94376,                0.97536,                0.57647,                0.70588,                 0.6099,                0.45401,                0.83948,                 1.0128,                0.95605,             0.00059522,             0.00059522,             0.00059522
                      3,                0.99621,                0.82444,                0.96595,                 0.5937,                0.58628,                0.60907,                0.45312,                0.83029,                0.91308,                0.94405,             0.00088111,             0.00088111,             0.00088111
                      4,                0.96666,                0.76201,                0.95923,                0.76285,                0.61381,                0.68228,                0.52171,                0.79384,                0.71637,                0.93988,             0.00087043,             0.00087043,             0.00087043
                      5,                0.94067,                0.71171,                0.95287,                0.69451,                0.71212,                0.72381,                0.54322,                0.80249,                 0.6473,                0.93937,             0.00085758,             0.00085758,             0.00085758
                      6,                0.92989,                 0.6851,                0.94844,                0.70278,                0.69689,                  0.724,                0.54082,                 0.8559,                0.65089,                 0.9647,             0.00084472,             0.00084472,             0.00084472
                      7,                0.91731,                0.66092,                0.94516,                 0.6295,                0.66069,                0.69078,                0.52249,                 0.7761,                 0.7152,                 0.9254,             0.00083186,             0.00083186,             0.00083186
                      8,                0.90954,                0.64807,                0.94209,                0.65676,                0.68477,                0.70541,                0.54398,                0.77357,                0.68994,                0.93631,             0.00081901,             0.00081901,             0.00081901
                      9,                0.90051,                0.63362,                0.93968,                0.71541,                0.74179,                0.74116,                0.57811,                0.74203,                0.62229,                0.92506,             0.00080615,             0.00080615,             0.00080615
                     10,                0.89213,                0.62266,                0.93865,                 0.6638,                0.73619,                0.73928,                0.57883,                0.72133,                0.59257,                0.91403,              0.0007933,              0.0007933,              0.0007933
                     11,                0.88777,                0.60944,                0.93697,                 0.6805,                0.71618,                0.73852,                0.58077,                0.71524,                 0.5906,                0.91967,             0.00078044,             0.00078044,             0.00078044
                     12,                0.87815,                0.59856,                0.93448,                0.64636,                0.74341,                0.74213,                 0.5775,                0.75194,                0.61747,                0.92418,             0.00076759,             0.00076759,             0.00076759
                     13,                   0.87,                0.59849,                0.93171,                0.67016,                0.73416,                0.74807,                0.58647,                0.73743,                0.57593,                0.92454,             0.00075473,             0.00075473,             0.00075473
                     14,                0.87027,                0.58811,                0.93262,                0.71427,                0.75233,                0.75832,                0.59637,                0.70388,                0.55572,                0.91351,             0.00074187,             0.00074187,             0.00074187
                     15,                0.86413,                0.58055,                0.93071,                0.74444,                0.72251,                0.75638,                0.60703,                0.66477,                0.56074,                0.90572,             0.00072902,             0.00072902,             0.00072902
                     16,                0.85455,                0.57627,                0.93034,                0.65574,                0.76109,                0.75396,                0.61234,                0.63445,                0.54522,                0.89463,             0.00071616,             0.00071616,             0.00071616
                     17,                 0.8511,                0.57107,                0.92898,                0.73656,                0.73075,                 0.7711,                0.61445,                0.69461,                 0.5501,                0.91106,             0.00070331,             0.00070331,             0.00070331
                     18,                0.84712,                0.56509,                0.92784,                 0.7288,                0.74949,                0.77757,                0.62508,                0.65797,                0.52135,                0.90301,             0.00069045,             0.00069045,             0.00069045
                     19,                0.84265,                0.55768,                0.92743,                0.70127,                0.76565,                0.77576,                0.62938,                0.63326,                0.51964,                0.89529,             0.00067759,             0.00067759,             0.00067759
                     20,                0.83959,                0.55671,                0.92548,                0.72787,                0.75328,                0.77788,                0.62923,                0.65517,                0.52302,                0.90356,             0.00066474,             0.00066474,             0.00066474
                     21,                0.82815,                0.54799,                0.92334,                 0.7348,                0.74735,                0.77514,                0.63383,                0.61637,                0.51074,                0.89033,             0.00065188,             0.00065188,             0.00065188
                     22,                0.82343,                0.54962,                0.92229,                0.70452,                0.76137,                0.77843,                0.63677,                0.60747,                0.51746,                 0.8887,             0.00063903,             0.00063903,             0.00063903
                     23,                 0.8098,                0.54232,                0.91854,                0.75174,                0.74022,                0.77897,                0.63823,                0.60745,                 0.5087,                0.89447,             0.00062617,             0.00062617,             0.00062617
                     24,                0.80493,                0.53613,                0.91924,                0.74453,                0.74428,                0.77879,                0.64301,                0.58915,                0.49913,                0.88512,             0.00061332,             0.00061332,             0.00061332
                     25,                0.80049,                0.53556,                0.91745,                0.73424,                0.76567,                0.78889,                0.64624,                0.60931,                0.49481,                0.88981,             0.00060046,             0.00060046,             0.00060046
                     26,                0.79706,                0.52862,                0.91738,                0.69442,                0.77582,                0.78105,                0.64576,                0.59695,                0.49329,                0.88587,              0.0005876,              0.0005876,              0.0005876
                     27,                0.79134,                0.52521,                0.91592,                0.70367,                0.75173,                0.77818,                0.63805,                0.60172,                0.51543,                0.88932,             0.00057475,             0.00057475,             0.00057475
                     28,                0.78624,                0.52417,                 0.9156,                0.72182,                0.75132,                0.77913,                0.63929,                0.59646,                 0.5214,                0.88984,             0.00056189,             0.00056189,             0.00056189
                     29,                0.78324,                0.51635,                0.91342,                 0.7424,                0.75497,                0.79194,                0.65414,                0.59849,                0.49273,                0.88532,             0.00054904,             0.00054904,             0.00054904
                     30,                 0.7775,                0.51495,                0.91222,                0.68569,                0.76449,                0.77354,                0.63864,                0.58343,                0.50067,                0.88443,             0.00053618,             0.00053618,             0.00053618
                     31,                0.77329,                0.51135,                0.91105,                0.72749,                0.78835,                0.78689,                 0.6463,                0.58467,                0.48678,                0.88316,             0.00052332,             0.00052332,             0.00052332
                     32,                0.76842,                0.50969,                0.91061,                0.71966,                0.76691,                0.78457,                0.65175,                0.57709,                0.48743,                0.88061,             0.00051047,             0.00051047,             0.00051047
                     33,                0.76995,                0.50588,                0.90858,                0.73293,                0.74355,                0.78324,                0.64653,                0.57657,                0.49223,                0.87999,             0.00049761,             0.00049761,             0.00049761
                     34,                0.76023,                0.50479,                0.90592,                0.72838,                0.76504,                0.78687,                0.65352,                0.56774,                0.47825,                0.87978,             0.00048476,             0.00048476,             0.00048476
                     35,                0.75613,                0.49842,                0.90449,                 0.7598,                0.74235,                0.78528,                0.65295,                0.57612,                0.47824,                0.88172,              0.0004719,              0.0004719,              0.0004719
                     36,                0.75529,                0.49654,                0.90537,                0.72527,                 0.7625,                0.78154,                0.64599,                 0.5834,                0.49593,                0.88401,             0.00045904,             0.00045904,             0.00045904
                     37,                0.74801,                0.49808,                0.90291,                0.71919,                0.76501,                 0.7861,                0.65066,                0.58112,                0.47556,                0.88285,             0.00044619,             0.00044619,             0.00044619
                     38,                0.74927,                0.49652,                0.90235,                0.72027,                0.76818,                0.78323,                0.64601,                0.58442,                0.47669,                0.88334,             0.00043333,             0.00043333,             0.00043333
                     39,                0.74202,                0.49002,                0.90054,                0.75788,                0.72646,                 0.7787,                0.64869,                0.56354,                0.47652,                0.87734,             0.00042048,             0.00042048,             0.00042048
                     40,                0.74021,                0.48823,                0.90003,                0.71872,                0.76949,                0.78519,                0.65095,                0.58513,                 0.4808,                0.88095,             0.00040762,             0.00040762,             0.00040762
                     41,                0.73578,                0.48376,                0.89819,                0.71591,                0.77092,                0.78683,                0.65387,                0.58755,                 0.4847,                 0.8808,             0.00039477,             0.00039477,             0.00039477
                     42,                0.73486,                0.48366,                0.89843,                0.74353,                0.74453,                 0.7832,                0.65274,                0.56768,                0.47638,                0.87737,             0.00038191,             0.00038191,             0.00038191
                     43,                0.73631,                0.48521,                0.89988,                0.74007,                0.75988,                0.78835,                0.65558,                0.57367,                0.47443,                 0.8779,             0.00036905,             0.00036905,             0.00036905
                     44,                 0.7277,                 0.4783,                0.89611,                0.73558,                0.74043,                0.78215,                0.65208,                0.57342,                0.47339,                0.87699,              0.0003562,              0.0003562,              0.0003562
                     45,                 0.7269,                0.47855,                0.89598,                0.73795,                0.77188,                0.78685,                0.65876,                0.56429,                0.46233,                0.87459,             0.00034334,             0.00034334,             0.00034334
                     46,                0.72347,                0.47271,                0.89624,                0.73375,                0.76633,                0.78658,                0.65848,                0.56306,                 0.4639,                 0.8754,             0.00033049,             0.00033049,             0.00033049
                     47,                0.71942,                0.47176,                0.89603,                0.73342,                0.75702,                0.78711,                0.65693,                 0.5686,                0.46972,                0.87466,             0.00031763,             0.00031763,             0.00031763
                     48,                0.71884,                0.47369,                0.89326,                0.73037,                0.77036,                 0.7897,                0.65491,                0.58164,                0.46682,                0.87856,             0.00030477,             0.00030477,             0.00030477
                     49,                0.71184,                0.46781,                0.89372,                0.75161,                0.77133,                0.78952,                0.65896,                0.56256,                0.45986,                 0.8755,             0.00029192,             0.00029192,             0.00029192
                     50,                0.71504,                0.46772,                0.89401,                 0.7488,                0.75657,                0.78398,                0.65295,                0.56828,                0.47025,                0.87577,             0.00027906,             0.00027906,             0.00027906
                     51,                0.70796,                0.46267,                0.89142,                0.76144,                0.75182,                0.78761,                0.65796,                0.56643,                0.46621,                0.87644,             0.00026621,             0.00026621,             0.00026621
                     52,                0.70699,                0.46152,                0.89184,                0.73115,                0.76384,                 0.7888,                0.65917,                0.56097,                0.46658,                0.87176,             0.00025335,             0.00025335,             0.00025335
                     53,                0.70284,                 0.4599,                 0.8909,                0.75116,                0.76588,                0.79113,                0.65886,                0.56535,                0.46305,                0.87212,              0.0002405,              0.0002405,              0.0002405
                     54,                0.70286,                0.45939,                 0.8909,                0.74778,                0.76286,                0.79241,                0.66229,                0.56471,                0.46491,                0.87304,             0.00022764,             0.00022764,             0.00022764
                     55,                0.70039,                0.45892,                0.89019,                0.75772,                 0.7543,                0.79306,                0.66253,                0.55854,                0.45961,                0.87119,             0.00021478,             0.00021478,             0.00021478
                     56,                0.69414,                0.45503,                0.88798,                0.75743,                0.75053,                0.78521,                0.65523,                0.56083,                0.46068,                0.87189,             0.00020193,             0.00020193,             0.00020193
                     57,                0.68878,                0.45107,                0.88556,                0.73646,                0.76958,                0.78591,                0.65633,                0.56132,                0.46481,                0.87152,             0.00018907,             0.00018907,             0.00018907
                     58,                 0.6846,                0.45001,                0.88598,                 0.7644,                0.73477,                0.78492,                0.65629,                0.55967,                0.46513,                0.87153,             0.00017622,             0.00017622,             0.00017622
                     59,                0.68685,                0.44856,                0.88608,                0.72523,                0.77164,                0.78857,                 0.6579,                0.56275,                0.46595,                0.87273,             0.00016336,             0.00016336,             0.00016336
                     60,                0.68516,                0.44648,                0.88659,                0.74034,                0.76405,                0.78441,                0.65464,                0.56309,                0.46952,                0.87228,              0.0001505,              0.0001505,              0.0001505
                     61,                0.67054,                0.42428,                0.89356,                 0.7391,                0.75519,                0.78097,                 0.6546,                0.55626,                0.47029,                0.87126,             0.00013765,             0.00013765,             0.00013765
                     62,                0.65827,                0.41372,                0.88904,                 0.7398,                0.77203,                0.78232,                0.65459,                0.55773,                0.46425,                0.87301,             0.00012479,             0.00012479,             0.00012479
                     63,                0.65466,                0.41087,                0.88782,                0.73571,                0.76509,                0.78334,                0.65401,                0.55661,                0.46545,                 0.8711,             0.00011194,             0.00011194,             0.00011194
                     64,                0.64975,                0.40618,                0.88625,                0.74734,                0.74728,                0.77893,                0.65201,                 0.5573,                0.47037,                0.87203,             9.9081e-05,             9.9081e-05,             9.9081e-05
                     65,                0.64726,                0.40487,                0.88602,                0.73759,                0.75966,                0.77947,                0.65252,                0.55632,                0.46805,                0.87202,             8.6225e-05,             8.6225e-05,             8.6225e-05
                     66,                0.64227,                0.40205,                0.88446,                0.74178,                0.76336,                0.78097,                 0.6534,                0.55684,                0.46792,                0.87169,             7.3369e-05,             7.3369e-05,             7.3369e-05
                     67,                0.64179,                0.40055,                0.88442,                0.74209,                0.75614,                0.77935,                0.65313,                0.55251,                 0.4671,                0.87085,             6.0513e-05,             6.0513e-05,             6.0513e-05
                     68,                0.63692,                0.39789,                0.88216,                0.74255,                0.75962,                0.78011,                 0.6527,                0.55401,                0.46635,                 0.8708,             4.7658e-05,             4.7658e-05,             4.7658e-05
                     69,                 0.6354,                0.39545,                0.88335,                0.73608,                0.76233,                0.78014,                0.65195,                0.55645,                0.46811,                0.87176,             3.4802e-05,             3.4802e-05,             3.4802e-05
                     70,                0.63373,                0.39492,                0.88247,                0.73977,                 0.7601,                0.78126,                 0.6526,                0.55479,                0.46752,                0.87141,             2.1946e-05,             2.1946e-05,             2.1946e-05
