FishHeight(cm),FishWidth(cm),FishDiagonal(cm),ScaleDiagonal(cm),ScaleWidth(cm),OnePixelValue,Circumference(cm),Area(cm),AspectRatio,DiagonalToHeightRatio,AreaRatio,SegmentedFilename,FishDetected,ScaleDetected
19.0,5.0,20.0,15.0,2.0,0.007403751233958539,48.0,53.0,0.2631578947368421,1.0317282568122434,0.1364196527777778,20241203101633092_sardine_bad_(0).png,yes,yes
19.0,4.0,19.0,15.0,2.0,0.007403751233958539,48.0,49.0,0.21052631578947367,1.0251353441608662,0.12511555555555556,20241203101633092_sardine_bad_(1).png,yes,yes
16.0,3.0,16.0,15.0,1.0,0.007125890736342043,41.0,36.0,0.1875,1.0263736263736263,0.10042680555555555,20241203101646860_sardine_bad_(0).png,yes,yes
18.0,4.0,19.0,15.0,1.0,0.007125890736342043,48.0,42.0,0.2222222222222222,1.025321239606954,0.11723090277777778,20241203101646860_sardine_bad_(1).png,yes,yes
17.0,4.0,17.0,15.0,1.0,0.007122507122507123,43.0,42.0,0.23529411764705882,1.0323785803237857,0.11560020833333333,20241203101658517_sardine_bad_(0).png,yes,yes
17.0,3.0,17.0,15.0,1.0,0.007122507122507123,42.0,36.0,0.17647058823529413,1.0213032581453634,0.10065097222222222,20241203101658517_sardine_bad_(1).png,yes,yes
,,,,,,,,,,,20241203101710001_sardine_bad.jpeg,yes,no
,,,,,,,,,,,20241203101723059_sardine_bad.jpeg,yes,no
18.0,4.0,18.0,15.0,1.0,0.006902899217671422,46.0,46.0,0.2222222222222222,1.0312380952380953,0.13476152777777778,20241203101734348_sardine_bad_(0).png,yes,yes
17.0,3.0,17.0,15.0,1.0,0.006902899217671422,44.0,40.0,0.17647058823529413,1.0192153722978383,0.11915152777777778,20241203101734348_sardine_bad_(1).png,yes,yes
,,,,,,,,,,,20241203101759008_sardine_bad.jpeg,yes,no
,,,,,,,,,,,20241203101759691_sardine_bad.jpeg,yes,no
,,,,,,,,,,,20241203101800403_sardine_bad.jpeg,yes,no
,,,,,,,,,,,20241203101802066_sardine_bad.jpeg,yes,no
,,,,,,,,,,,20241203101815035_sardine_bad.jpeg,yes,no
18.0,4.0,18.0,15.0,2.0,0.008635578583765112,45.0,51.0,0.2222222222222222,1.0318138651471984,0.09508034722222222,20241203101826978_sardine_bad_(0).png,yes,yes
18.0,6.0,19.0,15.0,2.0,0.008635578583765112,46.0,50.0,0.3333333333333333,1.054003724394786,0.094551875,20241203101826978_sardine_bad_(1).png,yes,yes
17.0,4.0,17.0,15.0,2.0,0.00744047619047619,43.0,41.0,0.23529411764705882,1.0270152505446624,0.102950625,20241203101837335_sardine_bad_(0).png,yes,yes
17.0,4.0,18.0,15.0,2.0,0.00744047619047619,47.0,54.0,0.23529411764705882,1.0280569514237856,0.13734333333333335,20241203101837335_sardine_bad_(1).png,yes,yes
17.0,4.0,17.0,15.0,1.0,0.007541478129713424,45.0,42.0,0.23529411764705882,1.0333625987708517,0.10361541666666667,20241203101854297_sardine_bad_(0).png,yes,yes
18.0,5.0,19.0,15.0,1.0,0.007541478129713424,51.0,42.0,0.2777777777777778,1.0491052850603413,0.10431944444444445,20241203101854297_sardine_bad_(1).png,yes,yes
20.0,4.0,20.0,15.0,2.0,0.008161044613710556,50.0,53.0,0.2,1.022150624244865,0.11100125,20241203101905998_sardine_bad_(0).png,yes,yes
18.0,5.0,19.0,15.0,2.0,0.008161044613710556,46.0,47.0,0.2777777777777778,1.0378096479791394,0.09979055555555555,20241203101905998_sardine_bad_(1).png,yes,yes
18.0,3.0,18.0,15.0,3.0,0.008034279592929834,46.0,46.0,0.16666666666666666,1.0217584369449377,0.100996875,20241203101934843_sardine_bad_(0).png,yes,yes
19.0,4.0,19.0,15.0,3.0,0.008034279592929834,49.0,48.0,0.21052631578947367,1.0234567901234568,0.10447729166666667,20241203101934843_sardine_bad_(1).png,yes,yes
19.0,5.0,20.0,15.0,2.0,0.007180469123982767,48.0,48.0,0.2631578947368421,1.0383351588170866,0.12992541666666665,20241203101953510_sardine_bad_(0).png,yes,yes
16.0,3.0,17.0,15.0,2.0,0.007180469123982767,43.0,40.0,0.1875,1.0245243128964059,0.10832194444444444,20241203101953510_sardine_bad_(1).png,yes,yes
19.0,5.0,20.0,15.0,2.0,0.007180469123982767,48.0,48.0,0.2631578947368421,1.0383351588170866,0.12992541666666665,20241203101954539_sardine_bad_(0).png,yes,yes
16.0,3.0,17.0,15.0,2.0,0.007180469123982767,43.0,40.0,0.1875,1.0245243128964059,0.10832194444444444,20241203101954539_sardine_bad_(1).png,yes,yes
19.0,5.0,20.0,15.0,2.0,0.007180469123982767,48.0,48.0,0.2631578947368421,1.0383351588170866,0.12992541666666665,20241203101954819_sardine_bad_(0).png,yes,yes
16.0,3.0,17.0,15.0,2.0,0.007180469123982767,43.0,40.0,0.1875,1.0245243128964059,0.10832194444444444,20241203101954819_sardine_bad_(1).png,yes,yes
17.0,4.0,18.0,15.0,2.0,0.007767995857068877,45.0,43.0,0.23529411764705882,1.0288335517693317,0.10043395833333334,20241203102003895_sardine_bad_(0).png,yes,yes
19.0,4.0,20.0,15.0,2.0,0.007767995857068877,50.0,48.0,0.21052631578947367,1.0219435736677116,0.11148229166666666,20241203102003895_sardine_bad_(1).png,yes,yes
17.0,4.0,17.0,15.0,1.0,0.007684426229508197,44.0,40.0,0.23529411764705882,1.0387038703870386,0.095041875,20241203102019363_sardine_bad_(0).png,yes,yes
19.0,3.0,19.0,15.0,1.0,0.007684426229508197,48.0,49.0,0.15789473684210525,1.0204819277108435,0.11591736111111112,20241203102019363_sardine_bad_(1).png,yes,yes
16.0,3.0,16.0,15.0,1.0,0.007625826131164209,40.0,33.0,0.1875,1.0271028037383179,0.08049229166666666,20241203102102508_sardine_bad_(0).png,yes,yes
19.0,4.0,19.0,15.0,1.0,0.007625826131164209,47.0,50.0,0.21052631578947367,1.0322709163346613,0.12108395833333334,20241203102102508_sardine_bad_(1).png,yes,yes
16.0,3.0,16.0,15.0,2.0,0.007006071929005138,41.0,37.0,0.1875,1.0222507488232777,0.10646430555555556,20241203102113766_sardine_bad_(0).png,yes,yes
18.0,4.0,19.0,15.0,2.0,0.007006071929005138,45.0,42.0,0.2222222222222222,1.0350877192982457,0.11963909722222223,20241203102113766_sardine_bad_(1).png,yes,yes
16.0,4.0,17.0,15.0,1.0,0.006887052341597796,39.0,37.0,0.25,1.0365853658536586,0.10980444444444444,20241203102151791_sardine_bad_(0).png,yes,yes
16.0,4.0,17.0,15.0,1.0,0.006887052341597796,42.0,40.0,0.25,1.0319502074688798,0.11835340277777778,20241203102151791_sardine_bad_(1).png,yes,yes
14.0,3.0,14.0,15.0,2.0,0.007119126720455624,35.0,25.0,0.21428571428571427,1.0295,0.0705951388888889,20241203102202679_sardine_bad_(0).png,yes,yes
13.0,2.0,14.0,15.0,2.0,0.007119126720455624,34.0,23.0,0.15384615384615385,1.0179763739085772,0.06448041666666667,20241203102202679_sardine_bad_(1).png,yes,yes
14.0,3.0,14.0,15.0,2.0,0.007149666348903718,35.0,27.0,0.21428571428571427,1.0370555833750625,0.07370194444444444,20241203102216091_sardine_bad_(0).png,yes,yes
13.0,3.0,13.0,15.0,2.0,0.007149666348903718,33.0,24.0,0.23076923076923078,1.0264270613107822,0.06607020833333334,20241203102216091_sardine_bad_(1).png,yes,yes
13.0,4.0,13.0,15.0,2.0,0.006896551724137931,33.0,23.0,0.3076923076923077,1.0566631689401889,0.06981444444444444,20241203102225991_sardine_bad_(0).png,yes,yes
12.0,2.0,13.0,15.0,2.0,0.006896551724137931,30.0,21.0,0.16666666666666666,1.024377031419285,0.06287472222222222,20241203102225991_sardine_bad_(1).png,yes,yes
19.0,3.0,20.0,15.0,2.0,0.0079155672823219,47.0,52.0,0.15789473684210525,1.0190854870775348,0.11565458333333334,20241203102244373_sardine_bad_(0).png,yes,yes
21.0,6.0,22.0,15.0,2.0,0.0079155672823219,52.0,57.0,0.2857142857142857,1.0409378489021213,0.1270997222222222,20241203102244373_sardine_bad_(1).png,yes,yes
12.0,3.0,12.0,15.0,1.0,0.007215007215007215,30.0,23.0,0.25,1.0422783323546683,0.06323611111111112,20241203102259643_sardine_bad_(0).png,yes,yes
12.0,2.0,12.0,15.0,1.0,0.007215007215007215,31.0,23.0,0.16666666666666666,1.0192416525183927,0.06232354166666667,20241203102259643_sardine_bad_(1).png,yes,yes
17.0,5.0,18.0,15.0,3.0,0.008635578583765112,45.0,46.0,0.29411764705882354,1.0502194051682106,0.08695534722222223,20241203102312636_sardine_bad_(0).png,yes,yes
19.0,5.0,20.0,15.0,3.0,0.008635578583765112,49.0,48.0,0.2631578947368421,1.0429914912673532,0.08980569444444444,20241203102312636_sardine_bad_(1).png,yes,yes
16.0,3.0,17.0,15.0,3.0,0.008715862870424172,43.0,38.0,0.1875,1.0273618998451213,0.07118402777777778,20241203102344096_sardine_bad_(0).png,yes,yes
20.0,5.0,21.0,15.0,3.0,0.008715862870424172,53.0,53.0,0.25,1.0322033898305085,0.09710631944444445,20241203102344096_sardine_bad_(1).png,yes,yes
16.0,3.0,17.0,15.0,3.0,0.008715862870424172,43.0,38.0,0.1875,1.0273618998451213,0.07118402777777778,20241203102344746_sardine_bad_(0).png,yes,yes
20.0,5.0,21.0,15.0,3.0,0.008715862870424172,53.0,53.0,0.25,1.0322033898305085,0.09710631944444445,20241203102344746_sardine_bad_(1).png,yes,yes
16.0,3.0,17.0,15.0,3.0,0.008715862870424172,43.0,38.0,0.1875,1.0273618998451213,0.07118402777777778,20241203102345100_sardine_bad_(0).png,yes,yes
20.0,5.0,21.0,15.0,3.0,0.008715862870424172,53.0,53.0,0.25,1.0322033898305085,0.09710631944444445,20241203102345100_sardine_bad_(1).png,yes,yes
16.0,3.0,17.0,15.0,3.0,0.008715862870424172,43.0,38.0,0.1875,1.0273618998451213,0.07118402777777778,20241203102346896_sardine_bad_(0).png,yes,yes
20.0,5.0,21.0,15.0,3.0,0.008715862870424172,53.0,53.0,0.25,1.0322033898305085,0.09710631944444445,20241203102346896_sardine_bad_(1).png,yes,yes
16.0,3.0,17.0,15.0,3.0,0.008715862870424172,43.0,38.0,0.1875,1.0273618998451213,0.07118402777777778,20241203102411837_sardine_bad_(0).png,yes,yes
20.0,5.0,21.0,15.0,3.0,0.008715862870424172,53.0,53.0,0.25,1.0322033898305085,0.09710631944444445,20241203102411837_sardine_bad_(1).png,yes,yes
18.0,5.0,19.0,15.0,3.0,0.008431703204047217,48.0,46.0,0.2777777777777778,1.0418775885872067,0.09136291666666667,20241203102430505_sardine_bad_(0).png,yes,yes
17.0,3.0,17.0,15.0,3.0,0.008431703204047217,44.0,42.0,0.17647058823529413,1.0251207729468599,0.08285979166666667,20241203102430505_sardine_bad_(1).png,yes,yes
17.0,4.0,18.0,15.0,1.0,0.006602112676056338,43.0,48.0,0.23529411764705882,1.0281531531531531,0.15321777777777779,20241210103458132_sardine_bad_(0).png,yes,yes
17.0,3.0,17.0,15.0,1.0,0.006602112676056338,41.0,42.0,0.17647058823529413,1.0217640320733103,0.13559131944444444,20241210103458132_sardine_bad_(1).png,yes,yes
17.0,3.0,17.0,15.0,1.0,0.007313505607020965,41.0,43.0,0.17647058823529413,1.0256410256410255,0.11204270833333334,20241210103529271_sardine_bad_(0).png,yes,yes
17.0,4.0,18.0,15.0,1.0,0.007313505607020965,44.0,46.0,0.23529411764705882,1.0298324478953822,0.12099520833333334,20241210103529271_sardine_bad_(1).png,yes,yes
17.0,3.0,17.0,15.0,1.0,0.007313505607020965,41.0,43.0,0.17647058823529413,1.0256410256410255,0.11204270833333334,20241210103530260_sardine_bad_(0).png,yes,yes
17.0,4.0,18.0,15.0,1.0,0.007313505607020965,44.0,46.0,0.23529411764705882,1.0298324478953822,0.12099520833333334,20241210103530260_sardine_bad_(1).png,yes,yes
17.0,3.0,17.0,15.0,1.0,0.007313505607020965,41.0,43.0,0.17647058823529413,1.0256410256410255,0.11204270833333334,20241210103530305_sardine_bad_(0).png,yes,yes
17.0,4.0,18.0,15.0,1.0,0.007313505607020965,44.0,46.0,0.23529411764705882,1.0298324478953822,0.12099520833333334,20241210103530305_sardine_bad_(1).png,yes,yes
16.0,3.0,16.0,15.0,2.0,0.0066607460035523975,38.0,35.0,0.1875,1.0194134655101197,0.11068506944444445,20241210103549124_sardine_bad_(0).png,yes,yes
16.0,3.0,17.0,15.0,2.0,0.0066607460035523975,41.0,40.0,0.1875,1.0259377494014366,0.12649145833333333,20241210103549124_sardine_bad_(1).png,yes,yes
18.0,4.0,19.0,15.0,2.0,0.00794912559618442,46.0,48.0,0.2222222222222222,1.02475870751154,0.10701201388888888,20241210103600666_sardine_bad_(0).png,yes,yes
17.0,4.0,18.0,15.0,2.0,0.00794912559618442,44.0,42.0,0.23529411764705882,1.0344827586206897,0.09446840277777778,20241210103600666_sardine_bad_(1).png,yes,yes
17.0,3.0,17.0,15.0,2.0,0.007556675062972292,42.0,43.0,0.17647058823529413,1.0198789974070872,0.10547923611111111,20241210103629487_sardine_bad_(0).png,yes,yes
17.0,3.0,17.0,15.0,2.0,0.007556675062972292,41.0,41.0,0.17647058823529413,1.0214592274678111,0.10121034722222222,20241210103629487_sardine_bad_(1).png,yes,yes
17.0,4.0,18.0,15.0,2.0,0.007451564828614009,43.0,45.0,0.23529411764705882,1.0328006728343146,0.11428020833333333,20241210103646500_sardine_bad_(0).png,yes,yes
16.0,3.0,17.0,15.0,2.0,0.007451564828614009,41.0,39.0,0.1875,1.0194260485651214,0.09995215277777778,20241210103646500_sardine_bad_(1).png,yes,yes
17.0,3.0,18.0,15.0,3.0,0.008282716731087797,45.0,42.0,0.17647058823529413,1.0184928340268147,0.0870270138888889,20241210103657614_sardine_bad_(0).png,yes,yes
20.0,4.0,20.0,15.0,3.0,0.008282716731087797,52.0,57.0,0.2,1.0185110663983903,0.11659583333333333,20241210103657614_sardine_bad_(1).png,yes,yes
17.0,4.0,17.0,15.0,2.0,0.007556675062972292,42.0,43.0,0.23529411764705882,1.0264183629276744,0.10602083333333333,20241210103710496_sardine_bad_(0).png,yes,yes
17.0,3.0,17.0,15.0,2.0,0.007556675062972292,43.0,45.0,0.17647058823529413,1.022530329289428,0.11080534722222223,20241210103710496_sardine_bad_(1).png,yes,yes
17.0,4.0,17.0,15.0,3.0,0.008356545961002786,42.0,44.0,0.23529411764705882,1.0409556313993173,0.08779611111111112,20241210103729909_sardine_bad_(0).png,yes,yes
17.0,3.0,18.0,15.0,3.0,0.008356545961002786,44.0,48.0,0.17647058823529413,1.0222944728286112,0.09661611111111111,20241210103729909_sardine_bad_(1).png,yes,yes
17.0,3.0,18.0,15.0,3.0,0.008201202843083653,42.0,45.0,0.17647058823529413,1.0213854021385402,0.094146875,20241210103741727_sardine_bad_(0).png,yes,yes
17.0,3.0,17.0,15.0,3.0,0.008201202843083653,44.0,45.0,0.17647058823529413,1.0236966824644549,0.09427993055555556,20241210103741727_sardine_bad_(1).png,yes,yes
16.0,4.0,16.0,15.0,2.0,0.0073673870333988214,40.0,41.0,0.25,1.0306306306306305,0.10731513888888888,20241210103759363_sardine_bad_(0).png,yes,yes
18.0,3.0,19.0,15.0,2.0,0.0073673870333988214,46.0,53.0,0.16666666666666666,1.0205905205905206,0.13600138888888888,20241210103759363_sardine_bad_(1).png,yes,yes
17.0,4.0,17.0,15.0,2.0,0.008455467869222097,42.0,44.0,0.23529411764705882,1.0277237354085602,0.08699791666666666,20241210103812806_sardine_bad_(0).png,yes,yes
16.0,3.0,17.0,15.0,2.0,0.008455467869222097,42.0,43.0,0.1875,1.0265,0.0841317361111111,20241210103812806_sardine_bad_(1).png,yes,yes
17.0,3.0,18.0,15.0,2.0,0.008287292817679558,43.0,44.0,0.17647058823529413,1.021586109807602,0.08971006944444444,20241210103827606_sardine_bad_(0).png,yes,yes
17.0,4.0,18.0,15.0,2.0,0.008287292817679558,41.0,39.0,0.23529411764705882,1.0396559961777354,0.08071222222222223,20241210103827606_sardine_bad_(1).png,yes,yes
17.0,4.0,17.0,15.0,2.0,0.007853403141361256,42.0,42.0,0.23529411764705882,1.0337591240875912,0.0965807638888889,20241210103844125_sardine_bad_(0).png,yes,yes
17.0,4.0,17.0,15.0,2.0,0.007853403141361256,41.0,40.0,0.23529411764705882,1.0367478180983005,0.092021875,20241210103844125_sardine_bad_(1).png,yes,yes
17.0,3.0,18.0,15.0,2.0,0.00825082508250825,40.0,44.0,0.17647058823529413,1.02004662004662,0.08998979166666667,20241210103904877_sardine_bad_(0).png,yes,yes
19.0,5.0,19.0,15.0,2.0,0.00825082508250825,47.0,52.0,0.2631578947368421,1.0371650821089022,0.10675125,20241210103904877_sardine_bad_(1).png,yes,yes
19.0,4.0,19.0,15.0,2.0,0.008542141230068337,47.0,53.0,0.21052631578947367,1.0299240732469852,0.101144375,20241210103930104_sardine_bad_(0).png,yes,yes
18.0,4.0,18.0,15.0,2.0,0.008542141230068337,44.0,41.0,0.2222222222222222,1.0312352106010412,0.07989979166666666,20241210103930104_sardine_bad_(1).png,yes,yes
19.0,4.0,19.0,15.0,2.0,0.008542141230068337,47.0,53.0,0.21052631578947367,1.0299240732469852,0.101144375,20241210103931550_sardine_bad_(0).png,yes,yes
18.0,4.0,18.0,15.0,2.0,0.008542141230068337,44.0,41.0,0.2222222222222222,1.0312352106010412,0.07989979166666666,20241210103931550_sardine_bad_(1).png,yes,yes
19.0,4.0,19.0,15.0,2.0,0.008542141230068337,47.0,53.0,0.21052631578947367,1.0299240732469852,0.101144375,20241210103932823_sardine_bad_(0).png,yes,yes
18.0,4.0,18.0,15.0,2.0,0.008542141230068337,44.0,41.0,0.2222222222222222,1.0312352106010412,0.07989979166666666,20241210103932823_sardine_bad_(1).png,yes,yes
16.0,4.0,17.0,15.0,2.0,0.007625826131164209,41.0,42.0,0.25,1.0289986406887177,0.10086159722222222,20241210103943903_sardine_bad_(0).png,yes,yes
17.0,4.0,17.0,15.0,2.0,0.007625826131164209,43.0,43.0,0.23529411764705882,1.0295024218405988,0.10461694444444444,20241210103943903_sardine_bad_(1).png,yes,yes
16.0,4.0,17.0,15.0,2.0,0.007828810020876827,40.0,42.0,0.25,1.035897435897436,0.0971342361111111,20241210104000414_sardine_bad_(0).png,yes,yes
19.0,4.0,20.0,15.0,2.0,0.007828810020876827,47.0,51.0,0.21052631578947367,1.0211323763955342,0.11688229166666667,20241210104000414_sardine_bad_(1).png,yes,yes
17.0,3.0,17.0,15.0,2.0,0.007853403141361256,42.0,45.0,0.17647058823529413,1.0226551880380608,0.10134048611111111,20241210104013796_sardine_bad_(0).png,yes,yes
17.0,3.0,17.0,15.0,2.0,0.007853403141361256,43.0,42.0,0.17647058823529413,1.0265567765567765,0.09561034722222223,20241210104013796_sardine_bad_(1).png,yes,yes
16.0,3.0,17.0,15.0,2.0,0.007723995880535531,38.0,37.0,0.1875,1.0264840182648403,0.08716145833333333,20241210104038538_sardine_bad_(0).png,yes,yes
18.0,4.0,19.0,15.0,2.0,0.007723995880535531,46.0,42.0,0.2222222222222222,1.033526490066225,0.09947993055555555,20241210104038538_sardine_bad_(1).png,yes,yes
17.0,3.0,17.0,15.0,2.0,0.008108108108108109,44.0,43.0,0.17647058823529413,1.0266920877025738,0.09091152777777778,20241210104050552_sardine_bad_(0).png,yes,yes
17.0,6.0,18.0,15.0,2.0,0.008108108108108109,44.0,46.0,0.35294117647058826,1.062295081967213,0.098526875,20241210104050552_sardine_bad_(1).png,yes,yes
16.0,3.0,17.0,15.0,2.0,0.00794912559618442,41.0,43.0,0.1875,1.0233333333333334,0.096545625,20241210104112216_sardine_bad_(0).png,yes,yes
17.0,3.0,17.0,15.0,2.0,0.00794912559618442,42.0,41.0,0.17647058823529413,1.0241018644838562,0.09096152777777777,20241210104112216_sardine_bad_(1).png,yes,yes
16.0,3.0,16.0,15.0,1.0,0.0070389488503050214,41.0,41.0,0.1875,1.0272456364410387,0.11502180555555555,20241210104142388_sardine_bad_(0).png,yes,yes
19.0,3.0,19.0,15.0,1.0,0.0070389488503050214,47.0,49.0,0.15789473684210525,1.0214576396596375,0.13741305555555555,20241210104142388_sardine_bad_(1).png,yes,yes
18.0,5.0,19.0,15.0,1.0,0.007704160246533128,46.0,44.0,0.2777777777777778,1.0390041493775934,0.103345,20241210104154793_sardine_bad_(0).png,yes,yes
18.0,3.0,18.0,15.0,1.0,0.007704160246533128,44.0,48.0,0.16666666666666666,1.0209819555182542,0.11430638888888889,20241210104154793_sardine_bad_(1).png,yes,yes
16.0,5.0,17.0,15.0,2.0,0.007618080243778568,41.0,43.0,0.3125,1.0486111111111112,0.10511201388888888,20241210104222318_sardine_bad_(0).png,yes,yes
17.0,4.0,17.0,15.0,2.0,0.007618080243778568,44.0,46.0,0.23529411764705882,1.026143790849673,0.110706875,20241210104222318_sardine_bad_(1).png,yes,yes
19.0,4.0,19.0,15.0,2.0,0.007894736842105263,49.0,52.0,0.21052631578947367,1.028501628664495,0.11689652777777777,20241210104232753_sardine_bad_(0).png,yes,yes
18.0,4.0,18.0,15.0,2.0,0.007894736842105263,44.0,47.0,0.2222222222222222,1.0251954821894005,0.10551715277777778,20241210104232753_sardine_bad_(1).png,yes,yes
16.0,5.0,17.0,15.0,2.0,0.007987220447284345,41.0,40.0,0.3125,1.0476885644768856,0.088165,20241210104257136_sardine_bad_(0).png,yes,yes
17.0,3.0,18.0,15.0,2.0,0.007987220447284345,43.0,44.0,0.17647058823529413,1.0226346763241285,0.09781354166666667,20241210104257136_sardine_bad_(1).png,yes,yes
17.0,4.0,18.0,15.0,3.0,0.007197696737044146,43.0,46.0,0.23529411764705882,1.025111381125962,0.12504159722222222,20241210104325317_sardine_bad_(0).png,yes,yes
17.0,3.0,18.0,15.0,3.0,0.007197696737044146,43.0,45.0,0.17647058823529413,1.0231895850284785,0.12175111111111112,20241210104325317_sardine_bad_(1).png,yes,yes
17.0,4.0,17.0,15.0,2.0,0.007170172084130019,42.0,41.0,0.23529411764705882,1.0309623430962342,0.11325916666666666,20241210104349322_sardine_bad_(0).png,yes,yes
16.0,3.0,17.0,15.0,2.0,0.007170172084130019,40.0,37.0,0.1875,1.0181895093062605,0.10207006944444444,20241210104349322_sardine_bad_(1).png,yes,yes
17.0,4.0,17.0,15.0,2.0,0.006768953068592058,42.0,44.0,0.23529411764705882,1.032600157109191,0.13493673611111112,20241210104414018_sardine_bad_(0).png,yes,yes
16.0,4.0,17.0,15.0,2.0,0.006768953068592058,42.0,42.0,0.25,1.0360432519022826,0.12883791666666666,20241210104414018_sardine_bad_(1).png,yes,yes
17.0,4.0,18.0,15.0,2.0,0.00751503006012024,44.0,43.0,0.23529411764705882,1.035866780529462,0.10748798611111111,20241210104546193_sardine_bad_(0).png,yes,yes
17.0,3.0,17.0,15.0,2.0,0.00751503006012024,41.0,42.0,0.17647058823529413,1.020988194140796,0.10555361111111111,20241210104546193_sardine_bad_(1).png,yes,yes
16.0,3.0,16.0,15.0,2.0,0.008201202843083653,41.0,43.0,0.1875,1.0243781094527362,0.09011916666666667,20241210104558602_sardine_bad_(0).png,yes,yes
17.0,5.0,18.0,15.0,2.0,0.008201202843083653,45.0,46.0,0.29411764705882354,1.0403114979386165,0.09694416666666666,20241210104558602_sardine_bad_(1).png,yes,yes
17.0,4.0,17.0,15.0,2.0,0.007545271629778672,42.0,46.0,0.23529411764705882,1.0280414150129422,0.1128673611111111,20241210104617691_sardine_bad_(0).png,yes,yes
17.0,3.0,17.0,15.0,2.0,0.007545271629778672,43.0,43.0,0.17647058823529413,1.0243584167029143,0.106005625,20241210104617691_sardine_bad_(1).png,yes,yes
17.0,4.0,17.0,15.0,2.0,0.007606490872210953,43.0,45.0,0.23529411764705882,1.0326855123674912,0.10871166666666666,20241210104635405_sardine_bad_(0).png,yes,yes
18.0,4.0,18.0,15.0,2.0,0.007606490872210953,45.0,47.0,0.2222222222222222,1.022960229602296,0.11458006944444445,20241210104635405_sardine_bad_(1).png,yes,yes
17.0,3.0,17.0,15.0,3.0,0.008055853920515575,42.0,43.0,0.17647058823529413,1.0207939508506616,0.09285395833333333,20241210104649442_sardine_bad_(0).png,yes,yes
17.0,3.0,18.0,15.0,3.0,0.008055853920515575,43.0,48.0,0.17647058823529413,1.0237881508078994,0.10303222222222222,20241210104649442_sardine_bad_(1).png,yes,yes
16.0,4.0,16.0,15.0,2.0,0.007712082262210797,39.0,38.0,0.25,1.0340586565752128,0.09052006944444445,20241210104716360_sardine_bad_(0).png,yes,yes
16.0,3.0,16.0,15.0,2.0,0.007712082262210797,41.0,40.0,0.1875,1.0238206445586175,0.09559666666666666,20241210104716360_sardine_bad_(1).png,yes,yes
16.0,4.0,16.0,15.0,2.0,0.007712082262210797,39.0,38.0,0.25,1.0340586565752128,0.09052006944444445,20241210104717968_sardine_bad_(0).png,yes,yes
16.0,3.0,16.0,15.0,2.0,0.007712082262210797,41.0,40.0,0.1875,1.0238206445586175,0.09559666666666666,20241210104717968_sardine_bad_(1).png,yes,yes
16.0,4.0,16.0,15.0,2.0,0.007712082262210797,39.0,38.0,0.25,1.0340586565752128,0.09052006944444445,20241210104720475_sardine_bad_(0).png,yes,yes
16.0,3.0,16.0,15.0,2.0,0.007712082262210797,41.0,40.0,0.1875,1.0238206445586175,0.09559666666666666,20241210104720475_sardine_bad_(1).png,yes,yes
16.0,3.0,16.0,15.0,2.0,0.007288629737609329,40.0,38.0,0.1875,1.025065963060686,0.10134451388888889,20241210104735020_sardine_bad_(0).png,yes,yes
17.0,3.0,17.0,15.0,2.0,0.007288629737609329,42.0,42.0,0.17647058823529413,1.0212765957446808,0.11139763888888889,20241210104735020_sardine_bad_(1).png,yes,yes
16.0,4.0,17.0,15.0,3.0,0.008201202843083653,42.0,42.0,0.25,1.028992628992629,0.08766277777777778,20241210104755022_sardine_bad_(0).png,yes,yes
16.0,3.0,16.0,15.0,3.0,0.008201202843083653,40.0,41.0,0.1875,1.025909317389138,0.08504555555555555,20241210104755022_sardine_bad_(1).png,yes,yes
17.0,3.0,17.0,15.0,2.0,0.007796257796257797,43.0,39.0,0.17647058823529413,1.022644927536232,0.09093395833333333,20241217102521022_sardine_bad_(0).png,yes,yes
17.0,3.0,17.0,15.0,2.0,0.007796257796257797,43.0,42.0,0.17647058823529413,1.0229419703103915,0.09610777777777778,20241217102521022_sardine_bad_(1).png,yes,yes
17.0,3.0,17.0,15.0,2.0,0.007392804337111878,42.0,39.0,0.17647058823529413,1.0257731958762886,0.099280625,20241217103036463_sardine_bad_(0).png,yes,yes
17.0,3.0,17.0,15.0,2.0,0.007392804337111878,42.0,38.0,0.17647058823529413,1.020824295010846,0.09747708333333334,20241217103036463_sardine_bad_(1).png,yes,yes
16.0,4.0,17.0,15.0,2.0,0.00764525993883792,42.0,40.0,0.25,1.0298850574712644,0.0957086111111111,20241217103058183_sardine_bad_(0).png,yes,yes
17.0,4.0,18.0,15.0,2.0,0.00764525993883792,45.0,42.0,0.23529411764705882,1.0298762270593256,0.10014055555555555,20241217103058183_sardine_bad_(1).png,yes,yes
16.0,4.0,17.0,15.0,2.0,0.00764525993883792,42.0,40.0,0.25,1.0298850574712644,0.0957086111111111,20241217103059113_sardine_bad_(0).png,yes,yes
17.0,4.0,18.0,15.0,2.0,0.00764525993883792,45.0,42.0,0.23529411764705882,1.0298762270593256,0.10014055555555555,20241217103059113_sardine_bad_(1).png,yes,yes
16.0,4.0,17.0,15.0,2.0,0.00764525993883792,42.0,40.0,0.25,1.0298850574712644,0.0957086111111111,20241217103059540_sardine_bad_(0).png,yes,yes
17.0,4.0,18.0,15.0,2.0,0.00764525993883792,45.0,42.0,0.23529411764705882,1.0298762270593256,0.10014055555555555,20241217103059540_sardine_bad_(1).png,yes,yes
16.0,4.0,17.0,15.0,2.0,0.00764525993883792,42.0,40.0,0.25,1.0298850574712644,0.0957086111111111,20241217103100438_sardine_bad_(0).png,yes,yes
17.0,4.0,18.0,15.0,2.0,0.00764525993883792,45.0,42.0,0.23529411764705882,1.0298762270593256,0.10014055555555555,20241217103100438_sardine_bad_(1).png,yes,yes
17.0,5.0,18.0,15.0,3.0,0.00872093023255814,44.0,42.0,0.29411764705882354,1.0422604422604422,0.07833111111111112,20241217103114283_sardine_bad_(0).png,yes,yes
19.0,3.0,19.0,15.0,3.0,0.00872093023255814,48.0,48.0,0.15789473684210525,1.0206232813932172,0.08932819444444444,20241217103114283_sardine_bad_(1).png,yes,yes
17.0,5.0,18.0,15.0,3.0,0.008960573476702509,43.0,44.0,0.29411764705882354,1.0400405473897618,0.07632756944444445,20241217103127246_sardine_bad_(0).png,yes,yes
18.0,3.0,18.0,15.0,3.0,0.008960573476702509,45.0,48.0,0.16666666666666666,1.022189349112426,0.08434340277777778,20241217103127246_sardine_bad_(1).png,yes,yes
16.0,3.0,17.0,15.0,2.0,0.008,40.0,39.0,0.1875,1.021133525456292,0.08650159722222223,20241217103143745_sardine_bad_(0).png,yes,yes
16.0,3.0,16.0,15.0,2.0,0.008,43.0,42.0,0.1875,1.0237748665696265,0.09144076388888889,20241217103143745_sardine_bad_(1).png,yes,yes
16.0,4.0,16.0,15.0,2.0,0.007832898172323759,38.0,38.0,0.25,1.0390053632374452,0.08704555555555556,20241217103204546_sardine_bad_(0).png,yes,yes
16.0,4.0,17.0,15.0,2.0,0.007832898172323759,41.0,40.0,0.25,1.0288506281991625,0.09252881944444444,20241217103204546_sardine_bad_(1).png,yes,yes
19.0,4.0,19.0,15.0,2.0,0.008561643835616438,50.0,51.0,0.21052631578947367,1.0293855743544078,0.09744180555555555,20241217103300804_sardine_bad_(0).png,yes,yes
18.0,4.0,19.0,15.0,2.0,0.008561643835616438,45.0,46.0,0.2222222222222222,1.0339449541284405,0.0881842361111111,20241217103300804_sardine_bad_(1).png,yes,yes
19.0,4.0,19.0,15.0,2.0,0.008561643835616438,50.0,51.0,0.21052631578947367,1.0293855743544078,0.09744180555555555,20241217103301419_sardine_bad_(0).png,yes,yes
18.0,4.0,19.0,15.0,2.0,0.008561643835616438,45.0,46.0,0.2222222222222222,1.0339449541284405,0.0881842361111111,20241217103301419_sardine_bad_(1).png,yes,yes
17.0,6.0,18.0,15.0,2.0,0.007804370447450572,45.0,40.0,0.35294117647058826,1.0578186596583443,0.09286256944444445,20241217103317405_sardine_bad_(0).png,yes,yes
16.0,5.0,17.0,15.0,2.0,0.007804370447450572,48.0,40.0,0.3125,1.0564102564102564,0.09272222222222222,20241217103317405_sardine_bad_(1).png,yes,yes
18.0,3.0,18.0,15.0,2.0,0.007664793050587634,45.0,43.0,0.16666666666666666,1.0219224283305228,0.10371840277777777,20241217103342398_sardine_bad_(0).png,yes,yes
17.0,5.0,17.0,15.0,2.0,0.007664793050587634,42.0,37.0,0.29411764705882354,1.0540784136998649,0.08877743055555555,20241217103342398_sardine_bad_(1).png,yes,yes
17.0,3.0,18.0,15.0,1.0,0.006970260223048327,45.0,44.0,0.17647058823529413,1.0222135619641466,0.12765993055555555,20241217103458344_sardine_bad_(0).png,yes,yes
17.0,4.0,18.0,15.0,1.0,0.006970260223048327,46.0,46.0,0.23529411764705882,1.0260700389105057,0.13299659722222223,20241217103458344_sardine_bad_(1).png,yes,yes
17.0,3.0,18.0,15.0,1.0,0.006970260223048327,45.0,44.0,0.17647058823529413,1.0222135619641466,0.12765993055555555,20241217103459118_sardine_bad_(0).png,yes,yes
17.0,4.0,18.0,15.0,1.0,0.006970260223048327,46.0,46.0,0.23529411764705882,1.0260700389105057,0.13299659722222223,20241217103459118_sardine_bad_(1).png,yes,yes
16.0,4.0,17.0,15.0,1.0,0.006883891693437357,42.0,40.0,0.25,1.0314285714285714,0.11766152777777777,20241217103514439_sardine_bad_(0).png,yes,yes
17.0,4.0,18.0,15.0,1.0,0.006883891693437357,44.0,41.0,0.23529411764705882,1.0329123612705702,0.12284416666666667,20241217103514439_sardine_bad_(1).png,yes,yes
17.0,3.0,17.0,15.0,2.0,0.006720430107526882,42.0,41.0,0.17647058823529413,1.021917808219178,0.12719458333333333,20241217103554756_sardine_bad_(0).png,yes,yes
17.0,3.0,17.0,15.0,2.0,0.006720430107526882,43.0,42.0,0.17647058823529413,1.023538642604943,0.12924354166666666,20241217103554756_sardine_bad_(1).png,yes,yes
22.0,7.0,23.0,15.0,3.0,0.008849557522123894,55.0,60.0,0.3181818181818182,1.0589887640449438,0.107849375,20241224095121831_sardine_bad_(0).png,yes,yes
19.0,5.0,20.0,15.0,3.0,0.008849557522123894,48.0,47.0,0.2631578947368421,1.0406320541760723,0.08359680555555556,20241224095121831_sardine_bad_(1).png,yes,yes
14.0,3.0,14.0,15.0,2.0,0.006941230911614993,36.0,30.0,0.21428571428571427,1.02291169451074,0.08739861111111111,20241226094548477_sardine_bad_(0).png,yes,yes
16.0,3.0,16.0,15.0,2.0,0.006941230911614993,40.0,38.0,0.1875,1.0301464254952628,0.11021895833333334,20241226094548477_sardine_bad_(1).png,yes,yes
16.0,4.0,16.0,15.0,2.0,0.006490696668109044,39.0,36.0,0.25,1.0418342719227676,0.11925222222222222,20241226094600896_sardine_bad_(0).png,yes,yes
15.0,4.0,15.0,15.0,2.0,0.006490696668109044,36.0,30.0,0.26666666666666666,1.0407375643224699,0.101384375,20241226094600896_sardine_bad_(1).png,yes,yes
13.0,3.0,13.0,15.0,2.0,0.006521739130434782,34.0,25.0,0.23076923076923078,1.0318994683421943,0.0845617361111111,20241226094613766_sardine_bad_(0).png,yes,yes
16.0,3.0,17.0,15.0,2.0,0.006521739130434782,41.0,35.0,0.1875,1.0206547155105221,0.11659888888888889,20241226094613766_sardine_bad_(1).png,yes,yes
15.0,3.0,16.0,15.0,2.0,0.00684931506849315,38.0,36.0,0.2,1.0207612456747406,0.10752409722222223,20241226094624243_sardine_bad_(0).png,yes,yes
18.0,4.0,18.0,15.0,2.0,0.00684931506849315,44.0,49.0,0.2222222222222222,1.025426944971537,0.1475548611111111,20241226094624243_sardine_bad_(1).png,yes,yes
14.0,4.0,15.0,15.0,2.0,0.006702412868632708,35.0,31.0,0.2857142857142857,1.0427979751495629,0.09701888888888889,20241226094640547_sardine_bad_(0).png,yes,yes
16.0,3.0,16.0,15.0,2.0,0.006702412868632708,40.0,37.0,0.1875,1.019838056680162,0.11734673611111111,20241226094640547_sardine_bad_(1).png,yes,yes
17.0,3.0,18.0,15.0,2.0,0.006631299734748011,45.0,41.0,0.17647058823529413,1.0175373134328358,0.13056965277777777,20241226094651842_sardine_bad_(0).png,yes,yes
17.0,3.0,17.0,15.0,2.0,0.006631299734748011,43.0,39.0,0.17647058823529413,1.0225330225330225,0.1243188888888889,20241226094651842_sardine_bad_(1).png,yes,yes
14.0,2.0,15.0,15.0,1.0,0.0064710957722174285,36.0,28.0,0.14285714285714285,1.0197715289982425,0.09553402777777778,20241226094702453_sardine_bad_(0).png,yes,yes
15.0,3.0,15.0,15.0,1.0,0.0064710957722174285,37.0,31.0,0.2,1.0228233305156382,0.10287902777777778,20241226094702453_sardine_bad_(1).png,yes,yes
11.0,4.0,12.0,15.0,1.0,0.0064710957722174285,31.0,42.0,0.36363636363636365,1.0665176076020122,0.14037326388888888,20241226094702453_sardine_bad_(2).png,yes,yes
15.0,3.0,15.0,15.0,1.0,0.00702576112412178,38.0,33.0,0.2,1.0235892691951896,0.09428416666666667,20241226094714380_sardine_bad_(0).png,yes,yes
14.0,3.0,15.0,15.0,1.0,0.00702576112412178,37.0,30.0,0.21428571428571427,1.0261406844106464,0.08493791666666667,20241226094714380_sardine_bad_(1).png,yes,yes
16.0,3.0,16.0,15.0,2.0,0.007221954742416947,40.0,35.0,0.1875,1.0198466396030672,0.09428798611111111,20241226094727138_sardine_bad_(0).png,yes,yes
16.0,3.0,17.0,15.0,2.0,0.007221954742416947,41.0,38.0,0.1875,1.0205655526992288,0.10226527777777777,20241226094727138_sardine_bad_(1).png,yes,yes
17.0,4.0,17.0,15.0,2.0,0.00751503006012024,41.0,42.0,0.23529411764705882,1.0357610117749674,0.10486444444444444,20241226094740900_sardine_bad_(0).png,yes,yes
17.0,4.0,17.0,15.0,2.0,0.00751503006012024,42.0,44.0,0.23529411764705882,1.03470715835141,0.10895527777777778,20241226094740900_sardine_bad_(1).png,yes,yes
18.0,4.0,18.0,15.0,2.0,0.006902899217671422,46.0,45.0,0.2222222222222222,1.0291076216009192,0.13288479166666667,20241226094835935_sardine_bad_(0).png,yes,yes
15.0,3.0,16.0,15.0,2.0,0.006902899217671422,39.0,32.0,0.2,1.0249017038007864,0.09366375,20241226094835935_sardine_bad_(1).png,yes,yes
16.0,3.0,17.0,15.0,2.0,0.006421232876712328,40.0,40.0,0.1875,1.0234705656021548,0.1377413888888889,20241226094846454_sardine_bad_(0).png,yes,yes
14.0,3.0,15.0,15.0,2.0,0.006421232876712328,35.0,32.0,0.21428571428571427,1.0294505494505495,0.10791118055555556,20241226094846454_sardine_bad_(1).png,yes,yes
15.0,4.0,16.0,15.0,1.0,0.006654835847382431,38.0,32.0,0.26666666666666666,1.0409306333476949,0.10237958333333333,20241226094859520_sardine_bad_(0).png,yes,yes
16.0,3.0,16.0,15.0,1.0,0.006654835847382431,41.0,37.0,0.1875,1.0275833676410044,0.11733694444444444,20241226094859520_sardine_bad_(1).png,yes,yes
15.0,4.0,15.0,15.0,2.0,0.0068150840527033164,38.0,31.0,0.26666666666666666,1.0384615384615385,0.09562201388888888,20241226094911228_sardine_bad_(0).png,yes,yes
16.0,4.0,17.0,15.0,2.0,0.0068150840527033164,41.0,35.0,0.25,1.0305532617671347,0.1071157638888889,20241226094911228_sardine_bad_(1).png,yes,yes
16.0,3.0,16.0,15.0,2.0,0.0067598017124831005,41.0,34.0,0.1875,1.0200417536534447,0.10573791666666667,20241226094922091_sardine_bad_(0).png,yes,yes
17.0,4.0,17.0,15.0,2.0,0.0067598017124831005,42.0,38.0,0.23529411764705882,1.0337254901960784,0.11683729166666666,20241226094922091_sardine_bad_(1).png,yes,yes
16.0,4.0,16.0,15.0,2.0,0.006499133448873483,40.0,36.0,0.25,1.0306284805091488,0.11842333333333334,20241226094934454_sardine_bad_(0).png,yes,yes
16.0,3.0,16.0,15.0,2.0,0.006499133448873483,40.0,35.0,0.1875,1.0285035629453683,0.11788722222222223,20241226094934454_sardine_bad_(1).png,yes,yes
17.0,4.0,18.0,15.0,2.0,0.006778129236330773,41.0,38.0,0.23529411764705882,1.0337340054284607,0.11763506944444445,20241226094948674_sardine_bad_(0).png,yes,yes
16.0,4.0,17.0,15.0,2.0,0.006778129236330773,41.0,35.0,0.25,1.0305872756933117,0.10673381944444445,20241226094948674_sardine_bad_(1).png,yes,yes
14.0,3.0,15.0,15.0,1.0,0.006239600665557404,37.0,29.0,0.21428571428571427,1.030188679245283,0.104020625,20241226094959466_sardine_bad_(0).png,yes,yes
15.0,2.0,15.0,15.0,1.0,0.006239600665557404,34.0,27.0,0.13333333333333333,1.0181968569065343,0.09935520833333333,20241226094959466_sardine_bad_(1).png,yes,yes
17.0,3.0,17.0,15.0,2.0,0.007115749525616698,43.0,42.0,0.17647058823529413,1.0221664575491427,0.1154525,20241226095018824_sardine_bad_(0).png,yes,yes
19.0,4.0,19.0,15.0,2.0,0.007115749525616698,48.0,50.0,0.21052631578947367,1.0293577981651376,0.1386190972222222,20241226095018824_sardine_bad_(1).png,yes,yes
17.0,4.0,18.0,15.0,1.0,0.006768953068592058,45.0,43.0,0.23529411764705882,1.0277136258660509,0.13044819444444444,20241226095029292_sardine_bad_(0).png,yes,yes
16.0,4.0,16.0,15.0,1.0,0.006768953068592058,38.0,32.0,0.25,1.0329252849303503,0.09755131944444445,20241226095029292_sardine_bad_(1).png,yes,yes
16.0,4.0,17.0,15.0,2.0,0.006521739130434782,43.0,38.0,0.25,1.0325581395348837,0.1251592361111111,20241226095206187_sardine_bad_(0).png,yes,yes
16.0,4.0,17.0,15.0,2.0,0.006521739130434782,40.0,37.0,0.25,1.030600235386426,0.12254409722222222,20241226095206187_sardine_bad_(1).png,yes,yes
15.0,3.0,15.0,15.0,2.0,0.006931608133086876,37.0,30.0,0.2,1.0267034990791897,0.08741388888888889,20241226095216976_sardine_bad_(0).png,yes,yes
16.0,4.0,17.0,15.0,2.0,0.006931608133086876,41.0,38.0,0.25,1.0317919075144508,0.11099111111111111,20241226095216976_sardine_bad_(1).png,yes,yes
15.0,3.0,15.0,15.0,2.0,0.006931608133086876,37.0,30.0,0.2,1.0267034990791897,0.08741388888888889,20241226095220392_sardine_bad_(0).png,yes,yes
16.0,4.0,17.0,15.0,2.0,0.006931608133086876,41.0,38.0,0.25,1.0317919075144508,0.11099111111111111,20241226095220392_sardine_bad_(1).png,yes,yes
16.0,3.0,16.0,15.0,2.0,0.007246376811594203,41.0,37.0,0.1875,1.0187772925764191,0.09861222222222223,20241226095237929_sardine_bad_(0).png,yes,yes
17.0,3.0,18.0,15.0,2.0,0.007246376811594203,44.0,39.0,0.17647058823529413,1.0241506344658207,0.10431215277777778,20241226095237929_sardine_bad_(1).png,yes,yes
